data_source,name,category,address,road_address,phone,latitude,longitude,distance_m,star_rating,visitor_reviews,blog_reviews,image_url,original_source,collected_at
CSV,18번완당,분식,부산 수영구 남천동로9번길 28,,,,,,4.48,,0,,,
CSV,1953형제돼지국밥 광안리점,한식,부산 수영구 남천바다로 17 1층,,,,,,4.85,,0,,,
CSV,1953형제돼지국밥 본점,한식,부산 남구 용소로13번길 29-1,,,,,,4.8,,0,,,
CSV,1970 신포할매 쫄면과돈까스 대연점,일식,부산 남구 수영로298번길 21,,,,,,별점 없음,0.0,0,,,
CSV,1978 상하이짬뽕 대연점,중식,부산 남구 용소로19번길 41-1,,,,,,별점 없음,2.0,0,,,
JSON,25센치꼬치앤오뎅바 경성대점,분식,부산광역시 남구 대연동 42-9 1층,,,,,,,0.0,0,,,
CSV,2인분 봉지국밥,한식,부산 남구 유엔로120번길 17,,,,,,별점 없음,2.0,0,,,
CSV,2피자1치킨상회 부산남구점,피자,부산 남구 못골번영로40번길 8 1(일부)층(대연동),,,,,,별점 없음,24.0,0,,,
CSV,4도C냉면 & 우동,한식,부산 남구 수영로 274,,,,,,별점 없음,1.0,0,,,
CSV,60계치킨 부산광안점,치킨,부산 수영구 남천바다로21번길 6 1층,,,,,,별점 없음,459.0,0,,,
CSV,611WoodFire,양식,부산 수영구 황령산로 14-1 2층,,,,,,별점 없음,337.0,0,,,
MERGED,666버거 대연점,햄버거,부산 남구 유엔로 211 정성재아파트 상가 101동 101호,,,,,,별점 없음,205.0,0,,,
JSON,758burger,햄버거,부산광역시 남구 대연동 43-26 758burger,,,,,,,0.0,0,,,
JSON,7곡제면소 경성대점,한식,부산광역시 남구 대연동 74-4 1층,,,,,,,0.0,0,,,
CSV,7번가피자 대연점,피자,부산 남구 유엔로 140 1층,,,,,,별점 없음,198.0,0,,,
CSV,APP 앱피자,피자,부산 남구 유엔로 197,,,,,,별점 없음,4.0,0,,,
CSV,BBQ치킨 부산경성대점,치킨,부산 남구 용소로7번길 35 1층,,,,,,별점 없음,166.0,0,,,
CSV,BBQ치킨 부산대연점,치킨,부산 남구 진남로36번길 2 1층,,,,,,별점 없음,266.0,0,,,
CSV,BBQ치킨 부산대연파크점,치킨,부산 남구 홍곡로 360 상가 401동 108호,,,,,,별점 없음,37.0,0,,,
CSV,BBQ치킨 부산부경대점,치킨,부산 남구 수영로366번길 31 2층,,,,,,별점 없음,20.0,0,,,
CSV,BBQ치킨 용호메트로점,치킨,부산 남구 신선로 566 401동 1층 110호,,,,,,별점 없음,88.0,0,,,
CSV,BHC치킨 대연못골점,치킨,부산 남구 진남로 51 1층,,,,,,별점 없음,32.0,0,,,
CSV,BHC치킨 부산대연점,치킨,부산 남구 석포로 76,,,,,,4.41,300.0,0,,,
CSV,DK 동키치킨 부산대연점,치킨,부산 남구 수영로196번길 9 1층,,,,,,별점 없음,119.0,0,,,
CSV,KFC 경성대부경대,햄버거,부산 남구 수영로 324 리마크빌대연 주상복합 1층,,,,,,별점 없음,,0,,,
CSV,KFC 광안리,햄버거,부산 수영구 광안해변로 153 비치세븐빌딩 1층,,,,,,별점 없음,8.0,0,,,
CSV,MOZART 수제함박스테이크&돈까스,일식,부산 남구 유엔평화로76번길 26,,,,,,별점 없음,81.0,0,,,
CSV,OL'55,양식,부산 남구 용소로19번길 26 지하1층 OL55(한은빌딩),,,,,,별점 없음,97.0,0,,,
CSV,Ocean View 샤브애진심,한식,부산 남구 분포로 66-17 3층,,,,,,별점 없음,,0,,,
CSV,PUSIL 광안리,양식,부산 수영구 광남로 43 1층,,,,,,4.88,,0,,,
CSV,Poke all day 포케&샐러드 경성대부경대점,양식,부산 남구 용소로 13,,,,,,별점 없음,,0,,,
CSV,THE 김치찌개,한식,부산 남구 용소로14번길 42 (대연동),,,,,,별점 없음,1.0,0,,,
CSV,THE순대,한식,부산 남구 동명로145번길 92,,,,,,별점 없음,0.0,0,,,
CSV,W 옵스 드마히니,카페,부산 남구 분포로 145 스퀘어동 2층 2022호,,,,,,별점 없음,,0,,,
MERGED,on the yard,피자,부산 남구 수영로346번길 23-1 on the yard,,,,,,4.57,,0,,,
CSV,가마치통닭 경성대점,치킨,부산 남구 수영로266번길 21 103호,,,,,,4.42,248.0,0,,,
CSV,가마치통닭 남천점,치킨,부산 수영구 남천동로 12,,,,,,별점 없음,218.0,0,,,
CSV,가마치통닭 부산메트로자이점,치킨,부산 남구 신선로 566,,,,,,별점 없음,333.0,0,,,
CSV,가마치통닭 부산용호점,치킨,부산 남구 용호로42번길 34 나동 1호 (용호동 현광빌라 1층),,,,,,별점 없음,205.0,0,,,
CSV,가연장미역국 정찬광안점,한식,부산 수영구 남천바다로10번길 69,,,,,,별점 없음,579.0,0,,,
CSV,가온카츠,일식,"부산 남구 이기대공원로26번길 13 다동 1층 101호(용호동, 해동그린빌라)",,,,,,별점 없음,1.0,0,,,
CSV,간빠맥주,일식,부산 수영구 남천바다로33번길 9 1층 101호,,,,,,4.91,2.0,0,,,
CSV,갈비짬뽕엔탕수육,중식,부산 남구 수영로298번길 27,,,,,,별점 없음,0.0,0,,,
CSV,감삼집 부산 경성대본점,한식,부산 남구 수영로322번길 33 2층,,,,,,4.9,,0,,,
CSV,갓생맥주 본점,양식,부산 남구 용소로13번길 23 1층,,,,,,4.8,,0,,,
MERGED,강인아구찜,해산물,"부산 남구 용소로7번길 63-4 1,2층 101,201호",,,,,,별점 없음,92.0,0,,,
JSON,갱갱덮밥 경성대부경대점,맛집,부산광역시 남구 대연동 537-5 1층,,,,,,,0.0,0,,,
CSV,거누광장 경성대점,한식,부산 남구 용소로13번길 12 쌍둥이빌딩 2층,,,,,,별점 없음,151.0,0,,,
CSV,거래처,한식,부산 수영구 남천동로9번길 57,,,,,,별점 없음,1.0,0,,,
CSV,거인통닭,치킨,부산 남구 수영로 195-5 거인통닭,,,,,,별점 없음,500.0,0,,,
MERGED,겐쇼심야라멘 경성대점,일식,부산 남구 용소로13번길 16 엠파이어빌딩 1층 겐쇼심야라멘,,,,,,별점 없음,,0,,,
CSV,경성 즉석떡볶이,분식,부산 남구 수영로 305 스파크,,,,,,별점 없음,1.0,0,,,
CSV,경성고기,분식,부산 남구 용소로8번길 33 1층,,,,,,4.84,335.0,0,,,
CSV,경수초장집,해산물,"부산 남구 용소로8번길 17 , 5층",,,,,,별점 없음,93.0,0,,,
CSV,계양깐,고기,부산 수영구 황령대로481번길 18-12 1층,,,,,,별점 없음,948.0,0,,,
CSV,고궁삼계탕,한식,부산 남구 용소로7번길 83 2층,,,,,,별점 없음,686.0,0,,,
CSV,고기가득통돼지김치찌개,한식,부산 남구 수영로346번길 37 고기가득통돼지김치찌개,,,,,,별점 없음,170.0,0,,,
CSV,고기굽는남자 광안리점,한식,부산 수영구 광남로 44 1층 고기굽는남자 광안리점,,,,,,4.85,,0,,,
CSV,고기달인,한식,부산 남구 용소로7번길 81 1층,,,,,,4.72,861.0,0,,,
CSV,고기대학,고기,부산 남구 못골로 97-11 고기대학,,,,,,별점 없음,0.0,0,,,
CSV,고덕사,한식,부산 수영구 황령대로489번길 14,,,,,,별점 없음,176.0,0,,,
CSV,고려통닭 부산용당점,치킨,부산 남구 유엔평화로125번길 4 1층,,,,,,별점 없음,11.0,0,,,
CSV,고베규카츠 광안점,일식,부산 수영구 남천바다로 35 2층,,,,,,4.85,,0,,,
CSV,고봉김밥 대남점,분식,부산 수영구 수영로384번길 19 남천파크상가 6호,,,,,,별점 없음,103.0,0,,,
CSV,고봉민김밥인 부산남천점,분식,부산 수영구 광남로48번길 5,,,,,,별점 없음,947.0,0,,,
CSV,고봉민김밥인 부산대연점,분식,부산 남구 못골로41번길 6,,,,,,별점 없음,,0,,,
CSV,고인돌족발,한식,부산 수영구 황령대로473번길 26 1층,,,,,,4.37,191.0,0,,,
MERGED,골목,한식,부산 남구 용소로7번길 32-2 1층,,,,,,4.84,,0,,,
CSV,골목끝에서울집,한식,부산 남구 용소로21번길 21-6,,,,,,별점 없음,,0,,,
CSV,곱창119 경성대부경대점,고기,부산 남구 용소로7번길 64 2층,,,,,,4.9,,0,,,
CSV,곱창동자,고기,부산 남구 용소로21번길 37-1,,,,,,별점 없음,4.0,1,,,
CSV,공감,한식,부산 남구 유엔평화로10번길 8,,,,,,별점 없음,56.0,0,,,
CSV,공원칼국수,한식,부산 남구 유엔평화로 110,,,,,,별점 없음,,0,,,
CSV,광안리 달팽이,일식,부산 수영구 광안해변로 122 삼익비치아파트B상가,,,,,,4.34,169.0,0,,,
CSV,광안리 언양불고기원조집,한식,부산 수영구 남천동로108번길 14 2층,,,,,,별점 없음,78.0,0,,,
CSV,광안리남매,양식,부산 수영구 남천동로108번길 54 태광빌라 2층,,,,,,4.81,,0,,,
CSV,광안야행,한식,부산 수영구 남천동로108번길 54 광안야행,,,,,,별점 없음,,0,,,
CSV,교촌치킨 대연3호점,치킨,부산 남구 석포로 83 1층,,,,,,별점 없음,275.0,0,,,
CSV,구공해락 족발구이,한식,부산 남구 용소로13번길 83 2층,,,,,,4.96,308.0,0,,,
CSV,구구닭촌경성대점,치킨,부산 남구 수영로346번길 20,,,,,,별점 없음,19.0,0,,,
MERGED,구도로통닭 부산경성대점,치킨,부산 남구 수영로322번길 18 1층,,,,,,별점 없음,576.0,0,,,
CSV,구드미엘,일식,부산 남구 수영로325번길 12 대연동푸르지오아파트,,,,,,별점 없음,575.0,0,,,
CSV,구디,카페,부산 남구 수영로298번길 22 1층 102호,,,,,,별점 없음,146.0,0,,,
CSV,구르메,양식,부산 남구 용소로13번길 61 101동 102호 구르메,,,,,,별점 없음,426.0,0,,,
CSV,구백냥곱창,고기,부산 남구 수영로298번길 21,,,,,,별점 없음,9.0,0,,,
MERGED,구월의마카롱,카페,부산 남구 수영로334번길 9,,,,,,별점 없음,,0,,,
CSV,국제닭강정&새우강정 경성대부경대점,치킨,부산 남구 수영로322번길 51,,,,,,별점 없음,5.0,0,,,
CSV,국제시장국밥대연점,한식,부산 남구 석포로127번길 93,,,,,,별점 없음,24.0,0,,,
CSV,국제통닭 남천점,치킨,부산 수영구 남천동로 105,,,,,,별점 없음,416.0,0,,,
CSV,"굽네치킨 대연1,4동점",치킨,부산 남구 석포로 121 1층 굽네치킨,,,,,,4.46,146.0,0,,,
JSON,굽네치킨 대연2호점,피자,부산광역시 남구 대연동 512-7,,,,,,,0.0,0,,,
CSV,굽네치킨 대연동점,치킨,부산 남구 석포로 121,,,,,,별점 없음,2.0,0,,,
CSV,굽네치킨 용호메트로점,치킨,부산 남구 용호로90번길 12-4 삼성주택,,,,,,별점 없음,101.0,0,,,
CSV,궁순 순두부,한식,부산 남구 용소로13번길 77 (대연동),,,,,,별점 없음,0.0,0,,,
CSV,궁중해물탕 조씨집 대연본점,한식,부산 남구 진남로 7-11 궁중해물탕 조씨집,,,,,,4.59,,0,,,
CSV,그라찌에 부경대학교행복기숙사점,카페,부산 남구 용소로 45 행복연합기숙사 1층,,,,,,별점 없음,94.0,0,,,
CSV,그라츠커피랩 경성대점,카페,부산 남구 수영로 311-1 건물 전층 그라츠커피랩,,,,,,별점 없음,407.0,0,,,
JSON,그레이핍플 경성대점,카페,부산광역시 남구 대연동 73-29,,,,,,,0.0,0,,,
CSV,그레이핍플 부경대점,카페,부산 남구 용소로13번길 62 103호 그레이핍플 부경대점,,,,,,별점 없음,4.0,0,,,
CSV,그린클라우드 대연점,카페,부산 남구 용소로 18-2 그린클라우드 대연점,,,,,,별점 없음,723.0,0,,,
CSV,그집짬뽕0927 대연점,중식,부산 남구 용소로7번길 60 영광드림타워 1층 102호,,,,,,4.86,,0,,,
CSV,근사한중화요리 중찬 경성대본점,중식,부산 남구 수영로334번길 22,,,,,,4.7,,0,,,
CSV,금문초밥,일식,부산 남구 동명로131번길 3,,,,,,별점 없음,104.0,0,,,
MERGED,금수돼지국밥 경성부경대점,한식,부산 남구 수영로346번길 12 1층,,,,,,별점 없음,,0,,,
JSON,기영이 숯불두마리치킨 부산대연점,치킨,부산광역시 남구 대연동 1903 401동 상가층 114호,,,,,,,0.0,0,,,
CSV,기장첫냉면 광안리본점,한식,부산 수영구 남천바다로 18 1층 102호,,,,,,별점 없음,730.0,0,,,
JSON,길 세이로무시 대연점,고기,부산광역시 남구 대연동 867-26,,,,,,,0.0,0,,,
CSV,길목화로,한식,부산 남구 용소로7번길 28-1 1층,,,,,,별점 없음,774.0,0,,,
CSV,김가네 대연파크푸르지오점,분식,부산 남구 홍곡로 360 상가 401동 203호,,,,,,별점 없음,293.0,0,,,
CSV,김밥담다,분식,부산 남구 수영로 261 1층 김밥담다(대연역 버스정류장 앞),,,,,,별점 없음,255.0,0,,,
CSV,김복남맥주 부산대연점,양식,부산 남구 천제등로 42-1 1층,,,,,,별점 없음,19.0,0,,,
CSV,김소남연탄쪽갈비,한식,부산 남구 용소로7번길 42 김소남연탄쪽갈비 1F,,,,,,별점 없음,309.0,0,,,
CSV,김씨화덕 W스퀘어점,피자,부산 남구 분포로 145 W스퀘어 C동,,,,,,별점 없음,769.0,0,,,
CSV,까치솥뚜껑닭도리 대연점,한식,부산 남구 유엔로 143 1층,,,,,,별점 없음,945.0,0,,,
CSV,꼬꼬네두마리치킨 부경대점,치킨,부산 남구 유엔로215번길 37,,,,,,별점 없음,6.0,2,,,
CSV,꼬목살 남천점,한식,부산 수영구 황령대로481번길 48 1층,,,,,,별점 없음,269.0,0,,,
CSV,꽃돼지,한식,부산 남구 유엔평화로9번길 53 1층 꽃돼지,,,,,,4.95,98.0,0,,,
CSV,꽉꽉피자 대연점,피자,부산 남구 수영로266번길 33 1층,,,,,,별점 없음,10.0,0,,,
CSV,꾸꾸삼겹 대연직영점,한식,부산 남구 수영로266번길 37 106호,,,,,,별점 없음,0.0,0,,,
CSV,꾸브라꼬 숯불두마리치킨 대연점,치킨,부산 남구 유엔평화로4번길 60,,,,,,별점 없음,103.0,0,,,
CSV,꿈꾸는황소,한식,부산 남구 유엔평화로 21 민제빌딩,,,,,,4.32,273.0,0,,,
CSV,나지미,일식,"부산 수영구 남천동로10번길 5 (남천동,남촌)",,,,,,별점 없음,3.0,0,,,
CSV,낙원조개오리,한식,부산 남구 용호로76번길 25-7,,,,,,별점 없음,76.0,0,,,
CSV,남송,한식,부산 수영구 남천동로9번길 66 1층,,,,,,별점 없음,5.0,0,,,
CSV,남썬 치킨 W스퀘어점,치킨,부산 남구 분포로 145 A동 1층 1074호,,,,,,별점 없음,4.0,0,,,
CSV,남썬 치킨 대연3호점,치킨,부산 남구 석포로 104-1 1층(대연동),,,,,,별점 없음,8.0,0,,,
CSV,남썬 치킨 대연점,치킨,부산 남구 석포로 104-1 1층(대연동),,,,,,별점 없음,17.0,0,,,
MERGED,남원,한식,부산 남구 용소로8번길 16 2층,,,,,,별점 없음,236.0,0,,,
CSV,남천 모소리,고기,부산 수영구 수영로388번길 25-4 105호,,,,,,별점 없음,,0,,,
CSV,남천각,중식,부산 수영구 남천동로22번길 15-1,,,,,,별점 없음,113.0,0,,,
CSV,남천돈,한식,부산 수영구 황령대로489번길 14 대성상가,,,,,,4.56,132.0,0,,,
CSV,남천동 연어회,일식,부산 수영구 남천동로 41,,,,,,별점 없음,3.0,0,,,
CSV,남천동 한우야,고기,부산 수영구 황령대로481번길 52 정동상가1 층,,,,,,4.86,585.0,0,,,
CSV,남천육회상회,한식,부산 수영구 광남로10번길 2 1층,,,,,,4.87,,0,,,
CSV,남천전집,한식,부산 수영구 황령대로489번길 14,,,,,,별점 없음,55.0,0,,,
CSV,남천정원식당,한식,부산 수영구 남천바다로10번길 41,,,,,,4.39,909.0,0,,,
CSV,남천참숯갈비,한식,부산 수영구 수영로 379,,,,,,별점 없음,0.0,0,,,
CSV,남천할매집,한식,부산 수영구 황령대로489번길 33-6 1층,,,,,,3.87,959.0,0,,,
CSV,남천홍반장,중식,부산 수영구 수영로408번길 9,,,,,,별점 없음,343.0,0,,,
MERGED,남포육개장,한식,부산 남구 용소로13번길 62 102동 101호 남포육개장,,,,,,별점 없음,934.0,0,,,
CSV,냉삼회관 부산대연점,한식,부산 남구 유엔평화로14번길 4 1층 101호,,,,,,4.83,274.0,0,,,
CSV,네오피자 남구점,피자,부산 남구 유엔평화로 149,,,,,,별점 없음,23.0,0,,,
CSV,노는바다,한식,부산 수영구 황령대로481번길 39 1층,,,,,,4.67,941.0,0,,,
CSV,노랑통닭 대연성당점,치킨,부산 남구 수영로266번길 67 1층,,,,,,별점 없음,0.0,0,,,
CSV,노랑통닭 대연점,치킨,부산 남구 수영로208번길 50 1층,,,,,,별점 없음,116.0,0,,,
CSV,노랑통닭 동명대평화공원점,치킨,부산 남구 신선로 462 1층(대연동),,,,,,별점 없음,9.0,0,,,
CSV,노마진두마리치킨 대연점,치킨,부산 남구 수영로266번길 40 1층1호,,,,,,별점 없음,2.0,0,,,
CSV,노모어피자 경성부경대점,피자,부산 남구 수영로322번길 22 2층 201호,,,,,,별점 없음,94.0,0,,,
CSV,놀라버린파닭,치킨,부산 남구 용소로13번길 104,,,,,,별점 없음,2.0,0,,,
CSV,농부꼬마김밥 본점,분식,부산 남구 용소로 3 1층,,,,,,별점 없음,231.0,0,,,
JSON,뉴러우멘관즈,중식,부산광역시 수영구 남천동 228 1층 107호,,,,,,,0.0,0,,,
CSV,뉴리틀인디아 앤 네팔,양식,부산 남구 수영로322번길 19 2층 뉴리틀인디아 앤 네팔,,,,,,별점 없음,1.0,0,,,
CSV,느엉98,한식,부산 남구 용소로14번길 42,,,,,,별점 없음,0.0,0,,,
CSV,니가찾던돈까스,일식,부산 남구 용소로46번길 30 (대연동),,,,,,별점 없음,0.0,0,,,
JSON,다다우동 대연본점,한식,부산광역시 남구 대연동 1739-20 1층 다다우동,,,,,,,0.0,0,,,
JSON,다다키친,한식,부산광역시 남구 대연동 43-43 1층,,,,,,,0.0,0,,,
JSON,다온스시&amp;덮밥,일식,부산광역시 남구 대연동 54-22 1층,,,,,,,0.0,0,,,
CSV,다온스시&덮밥,일식,부산 남구 수영로334번길 6 1층,,,,,,별점 없음,,0,,,
CSV,다옴,한식,부산 수영구 수영로464번길 9 105~106호,,,,,,4.72,,0,,,
CSV,다은이김밥,분식,부산 남구 유엔평화로 162,,,,,,별점 없음,36.0,0,,,
CSV,다이닝센 부산본점,양식,"부산 남구 용호로 88 3층, 4층",,,,,,별점 없음,,0,,,
CSV,다이도코로 광안리본점,일식,부산 수영구 남천동로108번길 27 2층 다이도코로,,,,,,4.76,1.0,0,,,
CSV,다정한족발 남천점,한식,부산 수영구 황령대로489번길 24,,,,,,별점 없음,206.0,0,,,
CSV,다케다야,일식,부산 수영구 남천동로108번길 31 2층,,,,,,4.51,,0,,,
JSON,닥엔돈스 부산대연점,맛집,부산광역시 남구 대연동 347-3 1층,,,,,,,0.0,0,,,
CSV,달봉이네분식,분식,부산 남구 석포로 58,,,,,,별점 없음,3.0,0,,,
CSV,달봉이떡볶이,분식,부산 남구 석포로 58 1층,,,,,,별점 없음,0.0,0,,,
CSV,달빛에구운고등어 부산대연점,한식,부산 남구 유엔평화로 32 2동 2층,,,,,,4.78,,0,,,
CSV,달인국밥,한식,부산 남구 유엔로 124 1층,,,,,,별점 없음,29.0,0,,,
JSON,닭두꺼비,고기,부산광역시 남구 대연동 39-18 1층,,,,,,,0.0,0,,,
CSV,닭발먹은새우 직영본점,치킨,부산 남구 수영로346번길 12 닭발먹은새우 직영본점,,,,,,4.85,893.0,0,,,
CSV,닭장을 나온 암탉,치킨,부산 남구 용소로7번길 15,,,,,,별점 없음,1.0,1,,,
CSV,닭한판바베큐,한식,부산 남구 수영로 312,,,,,,별점 없음,1.0,0,,,
CSV,담가화로구이 대연점,한식,부산 남구 수영로 192 1층,,,,,,별점 없음,457.0,0,,,
JSON,담꾹 대연혁신점,한식,부산광역시 남구 대연동 1858 대연힐스테이트푸르지오상가 115동 1층 107호,,,,,,,0.0,0,,,
CSV,당감댁 경성대&부경대점,한식,부산 남구 용소로7번길 64 1층,,,,,,별점 없음,,0,,,
CSV,대남 포장집,한식,부산 남구 대연동 37-1,,,,,,별점 없음,440.0,0,,,
CSV,대박횟집 1인회 전문,일식,부산 남구 동명로 123,,,,,,별점 없음,25.0,3,,,
CSV,대방집,한식,부산 남구 용소로7번길 84 1층 106호,,,,,,별점 없음,27.0,0,,,
CSV,대봉찜닭,한식,부산 남구 수영로334번길 5 1층,,,,,,4.82,,0,,,
CSV,대연 참숯불구이,한식,부산 남구 못골로 93 1층 대연 참 숯불구이,,,,,,별점 없음,15.0,0,,,
JSON,대연동강남,한식,부산광역시 남구 대연동 1739-1 1층,,,,,,,0.0,0,,,
CSV,대연동싸다구피자,피자,부산 남구 수영로250번길 82 1층 싸다구피자,,,,,,4.73,319.0,0,,,
CSV,대연모소리,한식,부산 남구 못골로 74 1층,,,,,,별점 없음,,0,,,
CSV,대연생삼겹,한식,부산 남구 유엔로 126 대연생삼겹,,,,,,4.79,174.0,0,,,
CSV,대연소담한 제주대패삼겹살,한식,부산 남구 수영로250번길 2,,,,,,별점 없음,,0,,,
CSV,대연오뎅,분식,부산 남구 진남로 19 1층,,,,,,별점 없음,57.0,0,,,
CSV,대연통닭,치킨,부산 남구 수영로266번길 26,,,,,,별점 없음,6.0,0,,,
CSV,대영면옥,한식,부산 남구 황령대로492번길 24,,,,,,별점 없음,212.0,0,,,
CSV,대운 남천동본점,일식,부산 수영구 수영로388번길 45,,,,,,4.85,,0,,,
CSV,대찬 두 마리 파닭,치킨,부산 남구 수영로346번길 20,,,,,,별점 없음,2.0,0,,,
CSV,대패마켙 부산대연점,한식,부산 남구 수영로 222 1층,,,,,,4.91,,0,,,
CSV,대패파,한식,부산 남구 용소로14번길 17 1층 대패파,,,,,,별점 없음,178.0,0,,,
JSON,더벤티 경성대건학기념관점,카페,부산광역시 남구 대연동 산37-1,,,,,,,0.0,0,,,
JSON,더벤티 경성대부경대점,카페,부산광역시 남구 대연동 56-13 성신빌딩 1층 일부호(),,,,,,,0.0,0,,,
JSON,던킨 경성대부경대역사점,카페,부산광역시 남구 대연동 54-5 경성대부경대역사 내 던킨도너츠,,,,,,,0.0,0,,,
CSV,덩굴아나고,해산물,부산 수영구 황령대로 483-7 1층,,,,,,별점 없음,403.0,0,,,
CSV,뎅기피버,양식,부산 남구 용소로13번길 31 2층,,,,,,별점 없음,139.0,0,,,
CSV,도련님숯불갈비 경성대본점,한식,부산 남구 수영로322번길 32 1층,,,,,,4.85,495.0,0,,,
CSV,도로시파스타 연정,양식,부산 남구 수영로298번길 21 3층 306호,,,,,,별점 없음,2.0,0,,,
CSV,도리신닭도리탕 대연점,한식,부산 남구 유엔로 127-2 101호,,,,,,별점 없음,30.0,0,,,
CSV,도미노피자 용호남천점,피자,부산 남구 수영로 346 1층,,,,,,4.53,669.0,0,,,
CSV,돈나무집,한식,부산 남구 용소로7번길 53-1 (대연동) 돈나무집,,,,,,4.95,79.0,0,,,
CSV,돈돈카츠 대연점,일식,부산 남구 수영로266번길 115 베네시티,,,,,,별점 없음,66.0,0,,,
CSV,돈오락 쪽갈비,한식,부산 남구 유엔로120번길 38 1층,,,,,,별점 없음,15.0,0,,,
CSV,돈오락쪽갈비 대연점,한식,부산 남구 유엔로120번길 38 1층,,,,,,별점 없음,41.0,0,,,
CSV,돈카츠 정,일식,부산 남구 수영로334번길 56 1층 102호,,,,,,별점 없음,288.0,0,,,
CSV,돈카츠유마,일식,부산 남구 용소로 56 1층 돈카츠유마,,,,,,별점 없음,557.0,0,,,
CSV,돌돌집,한식,부산 수영구 수영로464번길 8 1층,,,,,,4.94,695.0,0,,,
CSV,동경밥상 본점,일식,부산 수영구 남천바다로 34-6 1층,,,,,,별점 없음,,0,,,
CSV,동네포차주민 경성대점,한식,부산 남구 용소로13번길 17 2층,,,,,,별점 없음,118.0,0,,,
MERGED,동대문엽기떡볶이 부산경성대점,분식,부산 남구 용소로14번길 14 2층,,,,,,별점 없음,470.0,0,,,
CSV,동동국밥 경성대점,한식,부산 남구 용소로7번길 45 1층 102호,,,,,,4.85,603.0,0,,,
CSV,동백,한식,"부산 남구 용소로19번길 19 1층 102호, 103호",,,,,,4.89,957.0,0,,,
CSV,동욱 참치,일식,부산 남구 용소로40번길 30,,,,,,별점 없음,3.0,0,,,
CSV,동화대반점,중식,부산 수영구 수영로427번길 11 2층,,,,,,별점 없음,759.0,0,,,
CSV,동화집,일식,부산 수영구 남천바다로10번길 70 103호,,,,,,4.83,,0,,,
CSV,두남자이야기,한식,부산 남구 동명로145번길 92,,,,,,별점 없음,51.0,0,,,
JSON,두잇 카페테리아,카페,부산광역시 남구 대연동 74-9 2층 두잇 카페테리아,,,,,,,0.0,0,,,
CSV,드리아데버거&커피동명점,햄버거,부산 남구 신선로 428,,,,,,별점 없음,63.0,0,,,
CSV,등촌샤브칼국수 대연점,한식,부산 남구 용소로13번길 52 1층,,,,,,별점 없음,309.0,0,,,
CSV,땡초우동 대연혁신지구점,일식,부산 남구 수영로 345 대연혁신지구상가 1층 115동 103호,,,,,,별점 없음,136.0,0,,,
CSV,떡 뽑는 집 범앗간 대연본점,분식,부산 남구 용소로 10 1층,,,,,,별점 없음,969.0,0,,,
CSV,떴다파닭 경성대점,치킨,부산 남구 수영로266번길 117,,,,,,별점 없음,20.0,0,,,
CSV,또근이찜닭 남천점,한식,부산 수영구 수영로408번길 65 상가동 1층 8호,,,,,,별점 없음,5.0,0,,,
CSV,뚠뚠이 생안심탕수육,중식,부산 남구 용소로34번길 25,,,,,,별점 없음,3.0,0,,,
CSV,라멘&가정식 하루키야,일식,부산 남구 못골로53번길 8,,,,,,별점 없음,2.0,0,,,
MERGED,라이옥 베트남 쌀국수 본점,한식,부산 남구 용소로7번길 76,,,,,,4.57,,0,,,
JSON,라쿠다,일식,부산광역시 남구 대연동 43-64 1층 101호,,,,,,,0.0,0,,,
CSV,라화공방 부산대연점,중식,부산 남구 용소로19번길 49,,,,,,별점 없음,,0,,,
CSV,로스구이집,고기,부산 남구 신선로 566 GS하이츠자이 401동 1층 122호,,,,,,4.72,658.0,0,,,
CSV,로피,카페,부산 수영구 광남로48번길 29 1층,,,,,,별점 없음,23.0,0,,,
CSV,롤링파스타 부산경성대점,양식,부산 남구 용소로 3 2층,,,,,,별점 없음,,0,,,
MERGED,롤뺑드빠리,카페,부산 남구 용소로19번길 7 1층,,,,,,별점 없음,,0,,,
CSV,롯데리아 부산경성대점,햄버거,부산 남구 수영로 300 VISION PLAZA,,,,,,별점 없음,,0,,,
CSV,롯데리아 부산대연점,햄버거,부산 남구 수영로 200 롯데리아,,,,,,4.43,,0,,,
CSV,롯데리아용호점,햄버거,부산 남구 용호로 136-1 롯데리아,,,,,,별점 없음,,0,,,
CSV,르몽드트레비어,피자,부산 남구 용소로13번길 36-1 1층,,,,,,별점 없음,19.0,0,,,
MERGED,리틀베어베이크샵,카페,부산 남구 수영로334번길 42 1층 리틀베어베이크샵,,,,,,별점 없음,608.0,0,,,
MERGED,마노 경성대점,일식,부산 남구 용소로19번길 25 태양빌딩 2층,,,,,,4.9,896.0,0,,,
JSON,마라섬 경성대부경대점,중식,부산광역시 남구 대연동 55-2 1층,,,,,,,0.0,0,,,
JSON,마마도마,일식,부산광역시 남구 대연동 52-21 1층,,,,,,,0.0,0,,,
CSV,마을회관,한식,부산 남구 황령대로492번길 32,,,,,,별점 없음,331.0,0,,,
CSV,마지,한식,부산 남구 용소로14번길 14-1 1층,,,,,,별점 없음,3.0,0,,,
CSV,막창홀릭,고기,부산 남구 수영로 274-23 우성빌딩,,,,,,별점 없음,64.0,0,,,
MERGED,만만닭강정 본점,치킨,부산 남구 수영로322번길 22 1층,,,,,,4.91,,0,,,
CSV,만복국수,한식,주소 없음,,,,,,별점 없음,0.0,0,,,
CSV,만원족발&만원육회 대연점,한식,부산 남구 용소로14번길 9 (대연동),,,,,,별점 없음,13.0,0,,,
CSV,만타스시31 용호점,일식,부산 남구 용호로42번길 148 1층 일부호(용호동),,,,,,4.03,119.0,0,,,
CSV,맘스터치 경성대점,양식,부산 남구 수영로 313,,,,,,별점 없음,694.0,0,,,
CSV,맘스터치 남천점,양식,부산 수영구 수영로464번길 21,,,,,,별점 없음,392.0,0,,,
CSV,맘스터치 대연점,양식,부산 남구 수영로 239 2층,,,,,,별점 없음,557.0,0,,,
CSV,맘스터치 동명대점,양식,부산 남구 신선로 428,,,,,,별점 없음,183.0,0,,,
CSV,맘스터치 부경대점,양식,부산 남구 용소로21번길 62,,,,,,별점 없음,374.0,0,,,
CSV,맘스터치 용호자이점,햄버거,부산 남구 신선로 566 401동 149호,,,,,,4.4,454.0,0,,,
CSV,맘스피자 부산경성대점,피자,부산 남구 수영로 313 2층,,,,,,별점 없음,10.0,0,,,
CSV,맛있는 김치찜&김치찌개,한식,"부산 남구 수영로298번길 39-9 가동 101호, 102호",,,,,,별점 없음,1.0,0,,,
CSV,맛있는 보쌈도시락,한식,"부산 남구 수영로298번길 21 2층 일부호(대연동, 도네누)",,,,,,별점 없음,0.0,0,,,
JSON,맛있는순두부&amp;김치찜 경성대점,한식,부산광역시 남구 대연동 72-16,,,,,,,0.0,0,,,
CSV,맛있는인생,해산물,부산 남구 용소로14번길 17,,,,,,별점 없음,3.0,0,,,
CSV,맛찬들왕소금구이 대연점,한식,부산 남구 유엔평화로 36 1층,,,,,,4.47,,0,,,
CSV,매킴부산돼지국밥,한식,부산 남구 수영로298번길 21 2층 207호,,,,,,별점 없음,1.0,0,,,
CSV,맥도날드 경성대점,햄버거,부산 남구 수영로 304 대승타워,,,,,,4.59,,0,,,
CSV,맥도날드 부산남천DT점,햄버거,부산 수영구 수영로 470,,,,,,4.56,1.0,0,,,
CSV,맥도날드 부산동명대DT점,햄버거,부산 남구 신선로 424 맥도날드 부산 동명대점,,,,,,별점 없음,,0,,,
CSV,맥도날드 부산황령DT점,햄버거,부산 남구 황령대로 374,,,,,,4.5,,0,,,
CSV,먹고또먹고,분식,부산 남구 못골번영로 60,,,,,,별점 없음,5.0,0,,,
JSON,먹돌이식당,한식,부산광역시 남구 대연동 515-3,,,,,,,0.0,0,,,
CSV,먹부심,일식,부산 남구 수영로219번길 30 1층,,,,,,별점 없음,94.0,0,,,
CSV,먹음직뼈감자탕 대연점,한식,부산 남구 수영로266번길 21 1층,,,,,,별점 없음,82.0,0,,,
CSV,메가혼밥 부산대연점,한식,부산 남구 용소로46번길 30 1층 102호,,,,,,별점 없음,0.0,0,,,
JSON,메이드어맛,한식,부산광역시 남구 대연동 63-5 1층,,,,,,,0.0,0,,,
JSON,메츠과자점 본점,카페,부산광역시 남구 대연동 368-7,,,,,,,0.0,0,,,
CSV,멕시칸용호점,치킨,부산 남구 이기대공원로12번길 20,,,,,,별점 없음,2.0,0,,,
MERGED,면식당 부경대점,일식,부산 남구 용소로21번길 66 1층,,,,,,별점 없음,,0,,,
CSV,명랑핫도그 경성대1호점,분식,부산 남구 용소로 30 1층 명랑핫도그,,,,,,별점 없음,766.0,0,,,
CSV,명륜진사갈비 부산대연점,한식,부산 남구 수영로 224 1층,,,,,,4.74,,0,,,
CSV,명빈충무김밥 대연점,분식,부산 남구 못골로 50,,,,,,별점 없음,102.0,0,,,
CSV,모리하루,일식,부산 남구 수영로219번길 25,,,,,,별점 없음,989.0,0,,,
CSV,모야시 철판돈까스 & 대만 마제소바 대연점,일식,부산 남구 용소로14번길 9 1(일부)층(대연동),,,,,,별점 없음,11.0,0,,,
CSV,모어샌드위치 광안남천점,햄버거,부산 수영구 광남로 61-1 1층,,,,,,별점 없음,99.0,0,,,
CSV,모이커피샵,카페,부산 남구 용소로34번길 22-2 1층 모이커피샵,,,,,,별점 없음,206.0,0,,,
CSV,몬스터치즈랩 용호점,피자,부산 남구 분포로 61 B동 1 층 131호,,,,,,별점 없음,182.0,0,,,
CSV,못,한식,부산 남구 수영로346번길 33 1층,,,,,,별점 없음,,0,,,
CSV,못골갈비,한식,부산 남구 유엔평화로4번길 77-8,,,,,,별점 없음,579.0,0,,,
CSV,못골맥주 대연동 본점,양식,부산 남구 못골로 90-1 1층,,,,,,별점 없음,396.0,0,,,
JSON,못골브레드,카페,부산광역시 남구 대연동 329-18 1층 못골브레드,,,,,,,0.0,0,,,
JSON,몽벨쉘터 경성대부경대점,맛집,"부산광역시 남구 대연동 63-8 1, 2층",,,,,,,0.0,0,,,
CSV,무궁화,한식,부산 수영구 황령산로8번길 5,,,,,,별점 없음,,0,,,
CSV,무무 피자,카페,주소 없음,,,,,,별점 없음,267.0,0,,,
CSV,문현곱창,고기,부산 남구 못골로 91-13,,,,,,별점 없음,138.0,0,,,
CSV,문화골목 노가다,양식,부산 남구 용소로13번길 38-1 문화골목 2층,,,,,,별점 없음,173.0,0,,,
CSV,물레방아즉석구이,한식,부산 남구 수영로358번길 7,,,,,,별점 없음,138.0,0,,,
MERGED,믕,카페,부산 남구 용소로40번길 19 2층,,,,,,별점 없음,994.0,0,,,
MERGED,미국할매 대연본점,맛집,부산 남구 용소로21번길 45-1 1층,,,,,,4.92,325.0,0,,,
CSV,미까뚜까,맛집,부산 수영구 남천바다로 38-8 1층,,,,,,별점 없음,67.0,0,,,
CSV,미분당 대연점,맛집,부산 남구 용소로19번길 34 1층 101호,,,,,,4.91,,0,,,
MERGED,미슐당 대연본점,맛집,부산 남구 용소로13번길 80 1층 미슐당,,,,,,별점 없음,,0,,,
CSV,미식가의 고기,한식,부산 남구 동명로145번길 100,,,,,,별점 없음,465.0,0,,,
CSV,미식가의구이&샤브 대연직영점,한식,부산 남구 수영로 227 2층,,,,,,별점 없음,232.0,0,,,
CSV,미야미야 회 포차,해산물,부산 남구 수영로266번길 65 1층 미야미야포차,,,,,,4.88,360.0,0,,,
JSON,미정아구찜,해산물,부산광역시 남구 대연동 867-15,,,,,,,0.0,0,,,
CSV,미진축산 대연점,한식,부산 남구 유엔평화로 20 1층 미진축산 대연점,,,,,,별점 없음,,0,,,
MERGED,미츠바,일식,부산 남구 용소로14번길 50 2층,,,,,,4.94,209.0,0,,,
CSV,미친피자 남구점,피자,부산 남구 용소로64번길 14 1층,,,,,,별점 없음,62.0,0,,,
CSV,미효공방 경성대점,카페,부산 남구 용소로19번길 41 1층,,,,,,별점 없음,809.0,0,,,
CSV,민영활어공장 대연못골시장점,일식,부산 남구 못골로 53 1층,,,,,,별점 없음,29.0,0,,,
JSON,밀라노베이커리,카페,부산광역시 남구 대연동 1903 401동 104호,,,,,,,0.0,0,,,
CSV,바당 전복죽,해산물,부산 남구 황령대로 504 상가동 103호,,,,,,별점 없음,33.0,0,,,
CSV,바로덮밥 대연점,일식,부산 남구 수영로298번길 36 유이빌딩 2층,,,,,,별점 없음,34.0,0,,,
CSV,바로손만두,한식,부산 남구 용호로109번길 3,,,,,,별점 없음,2.0,0,,,
CSV,바로튀김,햄버거,부산 수영구 수영로464번길 24,,,,,,별점 없음,149.0,0,,,
JSON,바사케 본점,일식,부산광역시 남구 대연동 52-20 1층 바사케,,,,,,,0.0,0,,,
CSV,박가부대 부산경성대점,한식,부산 남구 용소로8번길 6 박가부대찌개 경성대부경대점,,,,,,별점 없음,743.0,0,,,
CSV,박성환돈까스 남천점,일식,부산 수영구 광남로 14 1층,,,,,,4.79,,0,,,
CSV,반대가리,중식,부산 남구 수영로325번길 12,,,,,,별점 없음,4.0,0,,,
CSV,발해,한식,부산 남구 용소로34번길 25 1층,,,,,,4.89,273.0,0,,,
JSON,백소정 경성대부경대점,일식,부산광역시 남구 대연동 52-11,,,,,,,0.0,0,,,
CSV,백양숯불갈비 대연사거리 직영점,한식,부산 남구 유엔평화로41번가길 42 1층 백양숯불갈비,,,,,,4.87,334.0,0,,,
CSV,백양숯불갈비 본점,한식,부산 남구 수영로358번길 21 1층,,,,,,별점 없음,347.0,0,,,
MERGED,버거잇[Burgereat],햄버거,부산 남구 수영로322번길 46 2층,,,,,,별점 없음,,0,,,
CSV,버거킹 부산경성대점,햄버거,부산 남구 수영로 295,,,,,,별점 없음,251.0,0,,,
CSV,버거킹 부산용호분포SK점,햄버거,부산 남구 용호로 116 분포주유소,,,,,,별점 없음,,0,,,
CSV,벤베커 부산광안리점,카페,부산 수영구 광남로48번길 25 1층,,,,,,별점 없음,,0,,,
CSV,별다른 돈까스,양식,부산 남구 용소로21번길 91 1층 별다른돈까스,,,,,,4.93,404.0,0,,,
CSV,보글보글,한식,부산 수영구 광남로48번길 29,,,,,,별점 없음,0.0,0,,,
CSV,보배반점 대연점,중식,부산 남구 수영로298번길 10 1층 일부호(대연동),,,,,,별점 없음,,0,,,
CSV,본가치킨,치킨,부산 남구 동명로118번길 2 불로만숯불갈비,,,,,,별점 없음,35.0,0,,,
CSV,본스치킨 광안리점,치킨,부산 수영구 광안해변로 159 2층,,,,,,별점 없음,334.0,0,,,
JSON,봉다리 숯불치킨,치킨,부산광역시 수영구 남천동 198,,,,,,,0.0,0,,,
CSV,봉이집,일식,부산 남구 수영로322번길 49-3 1층,,,,,,별점 없음,3.0,0,,,
CSV,부갈집,한식,부산 수영구 광남로 43 1층 부갈집,,,,,,4.95,210.0,0,,,
CSV,부막숯불닭갈비 대연점,한식,부산 남구 유엔평화로4번길 85 1층,,,,,,4.85,,0,,,
CSV,부버거,햄버거,부산 남구 수영로266번길 36 1층,,,,,,별점 없음,128.0,0,,,
CSV,부산곰탕 대연점,한식,부산 남구 조각공원로 37 1층,,,,,,4.89,,0,,,
CSV,부산남양토담오리,한식,부산 남구 유엔평화로17번길 12-12,,,,,,별점 없음,263.0,0,,,
CSV,부산돼지국밥,한식,부산 수영구 남천동로 107 소천빌딩,,,,,,별점 없음,593.0,0,,,
CSV,부산분식,분식,부산 남구 동명로 107,,,,,,별점 없음,2.0,0,,,
CSV,부산연경 대연점,중식,부산 남구 못골로 95 1층,,,,,,4.62,,0,,,
CSV,부산오복당 이기대본점,한식,부산 남구 용호로123번길 90-1 1층,,,,,,4.86,,0,,,
CSV,북경양꼬치 남천점,중식,부산 수영구 남천동로10번길 18 101호,,,,,,별점 없음,158.0,0,,,
JSON,북카페 반월 부경대경성대점,카페,부산광역시 남구 대연동 62-5 2층,,,,,,,0.0,0,,,
CSV,불로만숯불바베큐 대연1호점,치킨,부산 남구 석포로 135,,,,,,별점 없음,96.0,0,,,
CSV,불스피자,피자,부산 남구 수영로250번길 45-4 1층,,,,,,별점 없음,14.0,0,,,
CSV,브뤼트피자 대연못골점,피자,부산 남구 진남로 9 1층 브뤼트피자,,,,,,4.89,77.0,0,,,
CSV,블랑드블랑,카페,부산 남구 유엔평화로14번길 40,,,,,,4.77,896.0,0,,,
CSV,블루,카페,부산 수영구 남천동로9번길 66,,,,,,별점 없음,407.0,0,,,
JSON,비긴에스프레소,카페,부산광역시 남구 대연동 503-7 1F,,,,,,,0.0,0,,,
CSV,비돈이제돈이 대연점,한식,부산 남구 수영로298번길 36,,,,,,별점 없음,40.0,0,,,
CSV,비스트로정재집,양식,부산 남구 용소로21번길 109 1층,,,,,,별점 없음,,0,,,
JSON,빈스다이닝,한식,부산광역시 남구 대연동 55-10 2층 빈스다이닝,,,,,,,0.0,0,,,
MERGED,빌라 드 엘르,카페,부산 남구 수영로 334 지하 1층 빌라 드 엘르,,,,,,별점 없음,,0,,,
CSV,빌라드키친,양식,부산 남구 이기대공원로26번길 12 1-2층,,,,,,4.65,740.0,0,,,
CSV,빕스 부산W스퀘어점,양식,부산 남구 분포로 145 A동 2층 2037호,,,,,,별점 없음,1.0,0,,,
JSON,빙수당 부경대점,카페,부산광역시 남구 대연동 60-37 1층,,,,,,,0.0,0,,,
CSV,빽보이피자 부산대연점,피자,부산 남구 수영로208번길 15 1층 103호,,,,,,별점 없음,0.0,0,,,
CSV,뽀글뽀글김치나라,한식,부산 남구 용소로13번길 9,,,,,,별점 없음,18.0,0,,,
CSV,사각치킨,치킨,부산 남구 석포로58번길 5 1층,,,,,,별점 없음,18.0,0,,,
MERGED,사랑각 부산경성대점,한식,부산 남구 용소로13번길 10 1층,,,,,,별점 없음,,0,,,
JSON,사랑빵,맛집,부산광역시 수영구 남천동 278-1 2층,,,,,,,0.0,0,,,
CSV,삼국 남천본점,일식,부산 수영구 광남로22번길 14 1층 삼국,,,,,,별점 없음,36.0,0,,,
CSV,삼부자황제갈비살,한식,부산 남구 유엔로169번길 97 1층 삼부자황제갈비살,,,,,,4.58,,0,,,
CSV,삼환축산 대연점,한식,부산 남구 용소로7번길 40 1층 삼환축산 경성대부경대점,,,,,,별점 없음,,0,,,
CSV,상무초밥 광안리점,일식,부산 수영구 남천바다로 36 1층,,,,,,4.85,989.0,0,,,
CSV,샌딜리버블 남구점,햄버거,부산 남구 유엔평화로17번길 69 1층,,,,,,별점 없음,3.0,0,,,
CSV,샤브20 부산광안리점,한식,부산 수영구 광안해변로 127,,,,,,별점 없음,,0,,,
JSON,샤브로21 부경대,맛집,부산광역시 남구 대연동 458-5 2층,,,,,,,0.0,0,,,
MERGED,샤브온담,한식,부산 남구 황령대로492번길 24 202호,,,,,,4.89,,0,,,
MERGED,샤브올 경성대점,한식,부산 남구 용소로8번길 21 2층,,,,,,별점 없음,,0,,,
MERGED,서울깍두기 대연본점,한식,부산 남구 못골로 101 1층,,,,,,별점 없음,251.0,0,,,
CSV,세이고우,일식,부산 남구 수영로298번길 41 1층,,,,,,별점 없음,443.0,0,,,
CSV,세카이,일식,부산 남구 수영로334번길 36 1층,,,,,,별점 없음,1.0,0,,,
CSV,소각 대연점,한식,부산 남구 유엔평화로 10 1층,,,,,,4.89,,0,,,
CSV,소담곳,한식,부산 수영구 남천바다로22번길 28 2층,,,,,,별점 없음,226.0,0,,,
CSV,소머리곰탕선지국밥,한식,부산 남구 석포로117번길 10,,,,,,별점 없음,1.0,0,,,
CSV,소묵고국밥묵고,한식,부산 남구 천제등로 29,,,,,,별점 없음,36.0,0,,,
CSV,소소떡볶이 부산직영점,분식,부산 수영구 황령대로489번길 14 1동 108호,,,,,,별점 없음,38.0,0,,,
CSV,소일창 남천점,고기,부산 수영구 수영로464번길 12 1층,,,,,,4.63,638.0,0,,,
CSV,소플러스 이기대점,한식,부산 남구 용호로 80 소플러스 이기대점,,,,,,4.78,,0,,,
CSV,속시원한 명물 부산물회,해산물,부산 수영구 남천동로108번길 12 2층,,,,,,별점 없음,,0,,,
CSV,솔탭하우스,피자,부산 수영구 광안해변로 153 4층,,,,,,별점 없음,,0,,,
CSV,송원일식,일식,부산 수영구 남천동로9번길 41 인재빌딩 1.2층,,,,,,별점 없음,561.0,0,,,
CSV,송정동핫도그 남구청점,분식,부산 남구 못골로41번길 12 1층 송정동핫도그 남구청점,,,,,,별점 없음,283.0,0,,,
CSV,송하돼지국밥,한식,부산 수영구 수영로384번길 26,,,,,,별점 없음,534.0,0,,,
CSV,수라국밥 경성대점,한식,부산 남구 용소로8번길 21,,,,,,별점 없음,859.0,0,,,
CSV,수미식당,한식,부산 남구 용소로 56-1 1층수미식당,,,,,,별점 없음,368.0,0,,,
CSV,수반점,중식,부산 남구 수영로250번길 19,,,,,,별점 없음,515.0,0,,,
CSV,수양숯불갈비,한식,부산 남구 수영로196번길 6 1층,,,,,,4.66,83.0,0,,,
CSV,수연어 본점,해산물,부산 남구 용소로40번길 30 제네시스 빼어날 수연어,,,,,,4.75,,0,,,
CSV,술적심,한식,부산 남구 용소로19번길 41-1 2층 술적심,,,,,,별점 없음,266.0,0,,,
CSV,숯불애,고기,부산 남구 수영로346번길 20,,,,,,4.78,,0,,,
JSON,숯불에닭 부산대연점,고기,부산광역시 남구 대연동 1741-9 1층,,,,,,,0.0,0,,,
CSV,쉘박스 대연점,양식,부산 남구 수영로266번길 73 1층,,,,,,별점 없음,454.0,0,,,
CSV,슈바인학센과 미니족발,한식,"부산 남구 수영로 294 107-1호(대연동,대연동동일스위트)",,,,,,별점 없음,2.0,0,,,
JSON,슈퍼크리스피 부산대연점,햄버거,부산광역시 남구 대연동 50-30,,,,,,,0.0,0,,,
MERGED,스몰굿커피 부경대점,카페,"부산 남구 용소로21번길 15-1 1, 2층",,,,,,별점 없음,290.0,0,,,
CSV,스시마츠,일식,부산 수영구 광남로 54 1층,,,,,,별점 없음,318.0,0,,,
JSON,스시투어 경성대점,일식,부산광역시 남구 대연동 54-5 리마크빌 지하 1층 B104호,,,,,,,0.0,0,,,
CSV,스시하루,일식,부산 수영구 광안해변로 133 2층,,,,,,별점 없음,477.0,0,,,
CSV,스시하율,일식,부산 수영구 광남로 12 1층,,,,,,별점 없음,29.0,0,,,
MERGED,스위시 대연써밋점,해산물,부산 남구 황령대로 504 115동 1층 120호,,,,,,별점 없음,31.0,0,,,
JSON,스윗파이,카페,부산광역시 남구 대연동 60-12 1층 스윗파이,,,,,,,0.0,0,,,
CSV,스타벅스 경성대점,카페,부산 남구 수영로 312 (대연동),,,,,,별점 없음,,0,,,
CSV,시락국밥 시골집,한식,부산 남구 용호로90번길 16,,,,,,별점 없음,7.0,0,,,
CSV,시멘트136,카페,부산 남구 용호로 136 2층 시멘트136,,,,,,별점 없음,87.0,0,,,
CSV,시장을여는사람들 경성대부경대점,한식,부산 남구 용소로13번길 26,,,,,,별점 없음,984.0,0,,,
CSV,시장통칼국수,한식,부산 남구 수영로219번길 26,,,,,,별점 없음,537.0,0,,,
CSV,시티원그늘집,한식,부산 남구 신선로 468 1층,,,,,,별점 없음,9.0,0,,,
CSV,식당3선 용호점,한식,부산 남구 용호로 91 휴렉스 1층 103호,,,,,,별점 없음,,0,,,
CSV,식복 돼지국밥,한식,부산 수영구 수영로 468-1,,,,,,별점 없음,617.0,0,,,
CSV,신밀양돼지국밥,한식,부산 남구 용소로 45,,,,,,별점 없음,3.0,0,,,
CSV,신사우물갈비 대연점,한식,부산 남구 용소로7번길 83,,,,,,4.92,,0,,,
CSV,신센 본점,일식,부산 수영구 남천동로108번길 49 협진태양상가 106호,,,,,,별점 없음,,0,,,
CSV,신재떡볶이앤불오뎅,분식,부산 남구 못골로 48 신재떡볶이엔불오뎅,,,,,,별점 없음,38.0,0,,,
MERGED,신전떡볶이 대연점,분식,부산 남구 용소로 28,,,,,,별점 없음,,0,,,
CSV,신촌깻잎떡볶이 광안점,분식,부산 수영구 남천바다로33번길 22 1층 신촌깻잎떡볶이,,,,,,별점 없음,94.0,0,,,
CSV,신호등분식,분식,부산 남구 석포로 57,,,,,,별점 없음,0.0,0,,,
CSV,쌀통닭 대연혁신점,치킨,"부산 남구 수영로 345 115동 102호(대연동, 대연힐스테이트푸르지오)",,,,,,별점 없음,332.0,0,,,
CSV,쌈마이 닭쌈밥 대연점,한식,부산 남구 용소로21번길 43-1 1층 쌈마이,,,,,,별점 없음,875.0,0,,,
CSV,쌍둥이돼지국밥 대연점,한식,부산 남구 유엔평화로 16 1층,,,,,,별점 없음,,0,,,
MERGED,써브웨이 경성대점,햄버거,부산 남구 수영로 297 대영빌딩 1층,,,,,,별점 없음,,0,,,
JSON,써브웨이 부산대연점,치킨,부산광역시 남구 대연동 1729-4,,,,,,,0.0,0,,,
JSON,써브웨이 부산부경대점,치킨,부산광역시 남구 대연동 61-2 1층,,,,,,,0.0,0,,,
JSON,쑝쑝돈까스 부산대연점,일식,부산광역시 남구 대연동 329-14 1층 일부호,,,,,,,0.0,0,,,
CSV,씨네마맥주 부산 수영구청점,양식,부산 수영구 남천동로9번길 63 1층,,,,,,4.65,267.0,0,,,
JSON,아마스빈 경성대점,카페,부산광역시 남구 대연동 86-3 상가105호,,,,,,,0.0,0,,,
CSV,아미양곱창,고기,부산 남구 용소로13번길 84-2 1층 아미양곱창,,,,,,4.87,,0,,,
MERGED,아부라클럽,일식,부산 남구 용소로 26 1층,,,,,,별점 없음,218.0,0,,,
CSV,아빠횟집,해산물,부산 남구 수영로358번길 24 아빠횟집,,,,,,4.56,172.0,0,,,
CSV,아슬케밥,양식,부산 남구 용소로28번길 10,,,,,,별점 없음,91.0,0,,,
CSV,아웃닭 경성대점,치킨,부산 남구 용소로19번길 6 1층,,,,,,별점 없음,,0,,,
CSV,아일드블루,카페,부산 수영구 광안해변로 125 우진빌딩 3층 아일드블루,,,,,,4.53,,0,,,
CSV,아일라케밥,양식,부산 남구 용소로28번길 8 1층,,,,,,별점 없음,31.0,0,,,
CSV,아케스시,일식,부산 수영구 남천바다로10번길 7 아케스시,,,,,,별점 없음,123.0,0,,,
JSON,아키나,일식,부산광역시 남구 대연동 33-23 1층,,,,,,,0.0,0,,,
CSV,아트마네,카페,부산 남구 유엔평화로 25 1층,,,,,,별점 없음,15.0,0,,,
CSV,아홉달,카페,부산 남구 수영로346번길 23 2층 아홉달,,,,,,별점 없음,,0,,,
CSV,안동찜닭,한식,부산 남구 천제등로37번길 1 1층 안동찜닭,,,,,,별점 없음,32.0,0,,,
CSV,안동한우갈비,한식,부산 수영구 수영로388번길 41 2층,,,,,,별점 없음,587.0,0,,,
CSV,알로하오노,양식,부산 수영구 광안해변로 133 4층,,,,,,별점 없음,257.0,0,,,
CSV,알천순대곱창전골전문점,한식,부산 남구 용소로7번길 88,,,,,,별점 없음,,0,,,
JSON,암튼커피스탠드,양식,부산광역시 남구 대연동 878-9 1층,,,,,,,0.0,0,,,
CSV,압구정김밥 남천점,분식,부산 수영구 남천동로108번길 34,,,,,,별점 없음,85.0,0,,,
CSV,앙시앙,카페,부산 수영구 광남로 77 1층,,,,,,별점 없음,,0,,,
CSV,애기김밥 남천점,분식,부산 수영구 수영로464번길 25,,,,,,별점 없음,14.0,0,,,
MERGED,애착,한식,부산 남구 용소로19번길 22 1층 101호,,,,,,4.92,,0,,,
CSV,애플꼬마김밥 남천점,분식,부산 수영구 수영로384번길 14 1층,,,,,,별점 없음,409.0,0,,,
CSV,야무진한끼,분식,부산 남구 수영로250번길 32 야무진한끼,,,,,,별점 없음,161.0,0,,,
CSV,야식한 밤에 치떡,치킨,부산 남구 용소로7번길 9,,,,,,별점 없음,12.0,0,,,
CSV,야키토리장인,일식,부산 수영구 남천동로108번길 46 1층,,,,,,별점 없음,46.0,0,,,
CSV,양돈산업,한식,부산 수영구 황령대로481번길 17-3 양돈산업,,,,,,별점 없음,802.0,0,,,
CSV,양산박,한식,부산 남구 못골로 75,,,,,,별점 없음,,0,,,
JSON,양화옥,중식,부산광역시 남구 대연동 58-19 1층,,,,,,,0.0,0,,,
CSV,어가 가이텐스시 남천점,일식,부산 수영구 수영로384번길 10 1층 (남천동),,,,,,별점 없음,215.0,0,,,
CSV,언양닭칼국수 경성대부경대점,한식,부산 남구 용소로8번길 14 1층 언양닭칼국수 경성대부경대점,,,,,,4.74,,0,,,
CSV,언양불고기통닭,치킨,부산 수영구 남천바다로 38-7 1층,,,,,,별점 없음,2.0,0,,,
CSV,엄나무녹두삼계탕,한식,부산 남구 천제등로37번길 1,,,,,,별점 없음,0.0,0,,,
CSV,엄마손 닭도리탕,한식,부산 남구 용소로13번길 17,,,,,,별점 없음,2.0,0,,,
CSV,엉터리 무한대패 대연점,한식,부산 남구 유엔평화로 39 1층,,,,,,별점 없음,52.0,0,,,
CSV,엘브리또 경성대점,양식,부산 남구 수영로293번길 42,,,,,,별점 없음,701.0,0,,,
MERGED,여담,일식,부산 남구 용소로13번길 32-1 1층,,,,,,별점 없음,601.0,0,,,
CSV,역시한우,한식,부산 남구 용소로13번길 81 1층,,,,,,4.91,368.0,0,,,
CSV,역전할머니맥주 부산경성부경대점,양식,부산 남구 용소로7번길 41,,,,,,별점 없음,,0,,,
MERGED,연어바치,일식,부산 남구 용소로21번길 71 1층 연어바치,,,,,,별점 없음,,0,,,
JSON,연어의진심 연심 대연점,일식,부산광역시 남구 대연동 60-12 1층,,,,,,,0.0,0,,,
CSV,영남식육식당 남천본점,한식,부산 수영구 황령대로489번길 61 영남식육식당 남천본점,,,,,,별점 없음,,0,,,
CSV,영진돼지국밥,한식,부산 남구 수영로346번길 18 1층,,,,,,별점 없음,,0,,,
CSV,영칼로리포케&샐러드 부산경성대부경대점,양식,부산 남구 수영로 286 1층 영칼로리포케 부산 경성대부경대점,,,,,,별점 없음,484.0,0,,,
CSV,예반,일식,부산 수영구 남천동로108번길 10 1층,,,,,,별점 없음,201.0,0,,,
CSV,오꾸닭 대연점,치킨,부산 남구 유엔평화로 18-1,,,,,,별점 없음,400.0,0,,,
CSV,오니쿠,일식,부산 남구 수영로358번길 25 1층 오니쿠,,,,,,4.88,171.0,0,,,
JSON,오도우 본점,맛집,부산광역시 남구 대연동 314-64 오도우,,,,,,,0.0,0,,,
MERGED,오디오디,카페,부산 남구 용소로 34 2층 odod,,,,,,4.81,,0,,,
CSV,오방가르드,양식,부산 남구 용소로7번길 15-1 지하 오방가르드,,,,,,별점 없음,380.0,0,,,
CSV,오복갈비,한식,부산 남구 유엔평화로9번길 13,,,,,,별점 없음,75.0,0,,,
CSV,오빠막창 남구점,고기,부산 남구 수영로250번길 45-24 1층 오빠막창 남구점,,,,,,별점 없음,36.0,0,,,
CSV,오오키니,일식,부산 남구 용소로14번길 31 1층 오오키니,,,,,,4.47,453.0,0,,,
JSON,오이시,일식,부산광역시 남구 대연동 455-37,,,,,,,0.0,0,,,
MERGED,오일리 경성대본점,맛집,부산 남구 수영로322번길 49-3 1층 오일리 경성대본점,,,,,,4.9,,0,,,
CSV,오지테이블 남천점,양식,부산 수영구 수영로 474 1층,,,,,,별점 없음,,0,,,
CSV,오츠 경성대부경대점,일식,부산 남구 수영로334번길 56-7 1층,,,,,,별점 없음,287.0,0,,,
JSON,오크레페 경성대점,카페,부산광역시 남구 대연동 74-2 동일스위트 1층 102호,,,,,,,0.0,0,,,
CSV,오크피자,피자,부산 남구 수영로250번길 45-24,,,,,,별점 없음,3.0,0,,,
CSV,옥돈까츠,일식,부산 남구 못골로12번길 59,,,,,,별점 없음,0.0,0,,,
CSV,옥탑방두얼간이 대연점,치킨,부산 남구 용소로13번길 77 1층 옥탑방 두 얼간이,,,,,,별점 없음,250.0,0,,,
MERGED,온기한잔,양식,부산 남구 용소로8번길 50 1층 온기한잔,,,,,,4.95,158.0,0,,,
CSV,온정돼지국밥 남구직영점,한식,부산 남구 용소로21번길 47-1 1층,,,,,,4.89,245.0,0,,,
CSV,올바로갈비 경성대부경대점,한식,부산 남구 용소로13번길 42 1층,,,,,,4.86,,0,,,
MERGED,와플대학 부산경성대캠퍼스,카페,부산 남구 수영로 274-17 1층,,,,,,별점 없음,42.0,0,,,
CSV,완벌집 경성대본점,한식,부산 남구 용소로13번길 36 2층,,,,,,4.86,,0,,,
CSV,왈츠,양식,부산 수영구 광안해변로 153 3층,,,,,,별점 없음,6.0,0,,,
CSV,왕언니돼지국밥,한식,부산 남구 용호로 66 1층일부,,,,,,별점 없음,156.0,0,,,
CSV,왕초장,한식,부산 수영구 광안해변로15번길 77 95호 왕초장,,,,,,별점 없음,358.0,0,,,
JSON,요거스빈 부경대본점,카페,부산광역시 남구 대연동 50-50 부원빌 1층,,,,,,,0.0,0,,,
CSV,요달의찜닭&내가닭도리탕이다 용호점,한식,부산 남구 용호로106번길 58 1층 요달의찜닭&내가닭도리탕이다 용호점,,,,,,별점 없음,77.0,0,,,
MERGED,요이참치대연점,일식,부산 남구 수영로266번길 74 요이참치 1층,,,,,,별점 없음,66.0,0,,,
CSV,용소식당 경성대 대연동점,양식,부산 남구 유엔평화로9번길 25 용소식당,,,,,,4.84,,0,,,
MERGED,용소해장국,한식,부산 남구 수영로346번길 17 용소해장국,,,,,,별점 없음,304.0,0,,,
CSV,용이네주방부경대점,중식,부산 남구 대연동,,,,,,별점 없음,10.0,0,,,
CSV,용한우 남천점,한식,부산 수영구 남천동로9번길 52 1층,,,,,,4.89,269.0,0,,,
CSV,용호대패,한식,부산 남구 용호로 48 1층,,,,,,별점 없음,12.0,0,,,
CSV,우나요시 본점,일식,부산 수영구 황령대로489번길 14 1층 106호,,,,,,별점 없음,135.0,0,,,
CSV,우동키노야 광안점,일식,부산 수영구 광남로 75 2층,,,,,,별점 없음,418.0,0,,,
CSV,우리엄마충무김밥,분식,부산 수영구 남천바다로 16,,,,,,별점 없음,8.0,0,,,
CSV,우리영양탕삼계탕,한식,부산 남구 유엔평화로4번길 51 동경시티빌라101호,,,,,,별점 없음,51.0,0,,,
CSV,우리집,한식,부산 남구 용소로19번길 25 태양빌딩 지하1층,,,,,,4.93,44.0,0,,,
CSV,우마이크레페,카페,부산 남구 진남로 55 1층 102호,,,,,,4.92,747.0,0,,,
JSON,우보옥,한식,부산광역시 남구 대연동 33-11 1층 우보옥,,,,,,,0.0,0,,,
CSV,우시,일식,부산 남구 유엔평화로41번길 7,,,,,,별점 없음,145.0,0,,,
CSV,우연 초신선 한우육회와 최상급 딥스킨연어,일식,부산 남구 수영로 294,,,,,,별점 없음,5.0,17,,,
CSV,우연족발 대연동본점,한식,부산 남구 못골로 51 1층 우연족발,,,,,,4.92,344.0,0,,,
CSV,우홍백 돼지국밥 본점,한식,부산 남구 용소로14번길 26 1층,,,,,,4.84,,0,,,
CSV,울엄마 김치찜 갈비찜,한식,부산 남구 수영로298번길 27,,,,,,별점 없음,0.0,0,,,
CSV,웅장상회 광안리점,고기,부산 수영구 광안해변로 145 4동 1층 103호,,,,,,별점 없음,360.0,0,,,
CSV,원조 멸치 칼국수,한식,부산 남구 용소로14번길 23,,,,,,별점 없음,1.0,0,,,
CSV,원조서면소갈비살 경성대부경대점,한식,부산 남구 용소로13번길 35 1층,,,,,,별점 없음,692.0,0,,,
CSV,원카츠 남천점,일식,부산 수영구 남천동로108번길 10 1층,,,,,,별점 없음,,0,,,
JSON,웨스트사이드,카페,부산광역시 남구 대연동 50-20 1층,,,,,,,0.0,0,,,
MERGED,웨이드,카페,부산 남구 황령대로492번길 66 지하1층,,,,,,별점 없음,219.0,0,,,
CSV,웨이양,한식,부산 남구 용소로7번길 78,,,,,,4.8,,0,,,
CSV,윌로버케이크,카페,"부산 남구 용소로21번길 75-4 1층 101호, 102호",,,,,,별점 없음,35.0,0,,,
CSV,유가네닭갈비 대연점,고기,부산 남구 유엔평화로 8 2층 유가네닭갈비 대연점,,,,,,4.81,,0,,,
CSV,유가네닭갈비 부산남천점,고기,부산 수영구 남천동로9번길 4 유가네닭갈비 부산남천점,,,,,,별점 없음,368.0,0,,,
MERGED,유일한식탁,일식,부산 남구 용소로13번길 62 102동 1층 유일한식탁,,,,,,4.58,,0,,,
CSV,육식사관학교 부산대연점,한식,부산 남구 못골번영로 15-28 1층,,,,,,별점 없음,5.0,0,,,
CSV,윤키친,양식,부산 남구 황령대로 504 115동 208호,,,,,,별점 없음,0.0,0,,,
CSV,은화수식당 경성대점,일식,부산 남구 용소로21번길 39-1,,,,,,별점 없음,355.0,0,,,
CSV,이가국밥 대연점,한식,부산 남구 진남로 10 1층 이가국밥 대연점,,,,,,4.57,323.0,0,,,
CSV,이가네명인갈비살 부산대연점,한식,부산 남구 수영로266번길 5 1층,,,,,,별점 없음,475.0,0,,,
CSV,이기대돼지국밥,한식,부산 남구 용호로 98 은하모텔,,,,,,별점 없음,268.0,0,,,
CSV,이기대토스트,분식,부산 남구 용호로97번길 23,,,,,,별점 없음,19.0,0,,,
CSV,이삭토스트 LG메트로시티점,분식,부산 남구 분포로 111 1001동 103호,,,,,,별점 없음,340.0,0,,,
CSV,이삭토스트 부경대점,분식,"부산 남구 용소로 28 1층 일부호(대연동, 금산빌딩)",,,,,,별점 없음,816.0,0,,,
CSV,이솔산오리,한식,부산 남구 신선로 499,,,,,,별점 없음,546.0,0,,,
CSV,이우철 한방누룽지 삼계탕 대연점,한식,부산 남구 유엔로 216 1층 이우철삼계탕 대연점,,,,,,4.76,608.0,0,,,
CSV,이자카야 우규 경성대점,일식,부산 남구 용소로13번길 37,,,,,,4.89,304.0,0,,,
CSV,이조갈비,한식,부산 남구 수영로 185 1층,,,,,,별점 없음,,0,,,
CSV,이쯔모 창코나베전문점,일식,부산 남구 용소로13번길 41-1,,,,,,별점 없음,2.0,1,,,
CSV,이천밥쌤 경성대부경대점,일식,부산 남구 용소로 13 경운빌딩 1층,,,,,,별점 없음,205.0,0,,,
CSV,이층집 코코로 본점,일식,부산 남구 수영로322번길 18 2층,,,,,,4.58,378.0,0,,,
MERGED,이학수 한옥집김치찜 본점,한식,부산 남구 용소로7번길 79 이학수한옥집김치찜,,,,,,4.5,,0,,,
CSV,인스타크랩,해산물,부산 수영구 황령대로 491 1층 인스타크랩,,,,,,4.92,149.0,0,,,
CSV,인쌩맥주 부산경성대점,양식,부산 남구 용소로13번길 12 1층 인쌩맥주 부산경성대점,,,,,,별점 없음,461.0,0,,,
CSV,일미분식,분식,부산 남구 석포로 55-2,,,,,,별점 없음,9.0,0,,,
CSV,임사부돈카츠하나만파는집 대연점,일식,부산 남구 수영로 311 2층,,,,,,별점 없음,0.0,0,,,
CSV,임실치즈쌀피자,피자,부산 수영구 남천바다로 23,,,,,,별점 없음,131.0,0,,,
CSV,자금성,중식,부산 남구 황령대로 488 1층,,,,,,별점 없음,11.0,0,,,
CSV,자담치킨 부산대연점,치킨,부산 남구 못골번영로 46,,,,,,별점 없음,185.0,0,,,
CSV,자담치킨 부산용호점,치킨,부산 남구 용호로42번길 14 현대비치아파트 1층 111호,,,,,,별점 없음,79.0,0,,,
CSV,자연메기탕.추어탕,일식,부산 남구 대연동 11-3,,,,,,별점 없음,1.0,0,,,
CSV,잘돼지참숯갈비 남천점,한식,부산 수영구 황령대로481번길 53,,,,,,별점 없음,274.0,0,,,
CSV,장생포고래등,한식,부산 수영구 수영로384번길 7 파크 상가-2,,,,,,별점 없음,47.0,0,,,
CSV,장수녹차숯불갈비,한식,부산 남구 진남로36번길 101,,,,,,별점 없음,5.0,0,,,
CSV,장수맛족발,한식,부산 남구 못골로 59-3,,,,,,별점 없음,301.0,0,,,
CSV,장수치킨맥주 경성대점,치킨,부산 남구 용소로13번길 41-1 1층,,,,,,4.91,237.0,0,,,
CSV,장호가양꼬치 경성부경대직영점,중식,부산 남구 용소로13번길 46 1층,,,,,,4.95,,0,,,
CSV,재즈프레소,양식,부산 수영구 광안해변로 27-3 2층,,,,,,별점 없음,165.0,0,,,
CSV,잭슨피자 광안리점,피자,부산 수영구 광안해변로 149 1~3층,,,,,,별점 없음,,0,,,
CSV,전남친순대 남천점,분식,부산 수영구 수영로384번길 19 상가 11호,,,,,,별점 없음,18.0,0,,,
CSV,전남친순대 못골시장점,분식,"부산 남구 못골로 56 1층 97호, 98호",,,,,,별점 없음,8.0,0,,,
CSV,전남친순대 용호점,분식,부산 남구 분포로 61 1층 116호,,,,,,별점 없음,8.0,0,,,
CSV,정성숯불두마리치킨 대연점,치킨,부산 남구,,,,,,별점 없음,1.0,0,,,
CSV,정성식당,한식,부산 남구 용소로7번길 37 이정란헤어모드,,,,,,별점 없음,592.0,0,,,
CSV,정양곱창,고기,부산 수영구 남천동로 103,,,,,,4.66,126.0,0,,,
CSV,정원양곱창,고기,부산 수영구 황령대로481번길 18 1층,,,,,,별점 없음,170.0,0,,,
CSV,정육명가우애돈 남천점,한식,부산 수영구 남천동로 30,,,,,,별점 없음,137.0,0,,,
CSV,제대로한끼,일식,부산 남구 용소로21번길 41,,,,,,별점 없음,4.0,0,,,
CSV,제일칼국수 남천점,한식,"부산 수영구 황령대로 491 1층 1-2호, 1-4호",,,,,,4.83,,0,,,
JSON,조선칼국수,한식,부산광역시 남구 대연동 72-3 조선칼국수,,,,,,,0.0,0,,,
CSV,족스토리,한식,부산 남구 대연동 110-1,,,,,,별점 없음,4.0,4,,,
CSV,족족한날 족발.보쌈,한식,부산 남구 천제등로 59 1층 족족한날,,,,,,4.8,81.0,0,,,
CSV,종가대박집 대연점,한식,부산 남구 용소로7번길 33,,,,,,별점 없음,276.0,0,,,
CSV,주월포차 대연동 본점,중식,부산 남구 용소로13번길 9 2층,,,,,,별점 없음,127.0,0,,,
CSV,지교,중식,부산 남구 수영로346번길 44 1층 지교,,,,,,4.96,203.0,0,,,
CSV,지금은 아구찜 대연점,한식,부산 남구 수영로298번길 21 2(일부)층 (대연동),,,,,,별점 없음,0.0,0,,,
MERGED,지니프레쉬 대연점,맛집,"부산 남구 수영로250번길 47 1층, 지니프레쉬 대연점",,,,,,별점 없음,463.0,0,,,
CSV,지코바치킨 남천1호점,치킨,부산 수영구 황령대로489번길 10 대성상가 2동 105호,,,,,,별점 없음,72.0,0,,,
JSON,지코바치킨 대연1호점,치킨,부산광역시 남구 대연동 512-2 1층,,,,,,,0.0,0,,,
JSON,직감,한식,부산광역시 남구 대연동 60-5,,,,,,,0.0,0,,,
CSV,진곰탕진해장,한식,부산 수영구 남천동로108번길 7 1층,,,,,,4.89,422.0,0,,,
MERGED,진깡사마,해산물,부산 수영구 황령대로481번길 10-10 진깡사마,,,,,,4.68,295.0,0,,,
CSV,진상 W스퀘어점,한식,부산 남구 분포로 145 W상가 B동 1035호,,,,,,별점 없음,370.0,0,,,
CSV,진주돼지국밥,한식,부산 남구 석포로127번길 93,,,,,,별점 없음,6.0,0,,,
CSV,진지와찬,분식,부산 남구 못골로 46-1 1층,,,,,,별점 없음,39.0,0,,,
CSV,집밥,한식,부산 남구 황령대로492번길 32 32,,,,,,별점 없음,375.0,0,,,
MERGED,징기스 대연점,중식,부산 남구 유엔평화로13번길 4-9 1층,,,,,,4.7,,0,,,
CSV,쭈꾸밍 대연점,한식,부산 남구 용소로19번길 4 지하1층,,,,,,별점 없음,29.0,0,,,
CSV,찐숯불치킨,치킨,부산 남구 못골번영로40번길 45 101호,,,,,,별점 없음,30.0,0,,,
CSV,찜하닭,한식,부산 남구 수영로266번길 108 1층,,,,,,별점 없음,21.0,0,,,
CSV,차영호,한식,부산 남구 수영로322번길 8 지하1층,,,,,,별점 없음,5.0,0,,,
CSV,차이풍,중식,부산 남구 용소로13번길 46 2층 차이풍,,,,,,별점 없음,809.0,0,,,
JSON,참새주막,한식,부산광역시 남구 대연동 58-5 2층,,,,,,,0.0,0,,,
CSV,찹쌀로 만든 조시치킨 부산 경성대점,치킨,부산 남구 용소로7번길 15,,,,,,별점 없음,30.0,0,,,
CSV,채선당 샤브보트 부경대점,한식,부산 남구 용소로21번길 71,,,,,,별점 없음,200.0,0,,,
CSV,처갓집양념치킨 경성부경대점,치킨,부산 남구 수영로266번길 108 1층 (대연동),,,,,,별점 없음,1.0,0,,,
CSV,처갓집양념치킨 남천점,치킨,부산 수영구 남천동로 7,,,,,,4.46,174.0,0,,,
CSV,처갓집양념치킨 대연점,치킨,부산 남구 석포로 79,,,,,,4.24,33.0,0,,,
CSV,처갓집양념치킨 용호점,치킨,부산 남구 동명로 121,,,,,,4.31,96.0,0,,,
CSV,천수양분식,분식,부산 남구 수영로293번길 32,,,,,,별점 없음,61.0,0,,,
CSV,천탁 본점,한식,부산 남구 용소로8번길 46 천탁,,,,,,별점 없음,540.0,0,,,
MERGED,철인7호,치킨,부산 남구 수영로346번길 21 1층 철인7호,,,,,,4.76,,0,,,
CSV,청기와식당,한식,부산 남구 수영로 312 센츄리빌딩지하 115호,,,,,,별점 없음,2.0,0,,,
CSV,청년피자 부산남구점,피자,부산 남구 용소로64번길 81,,,,,,별점 없음,144.0,0,,,
CSV,청년피자 용호감만점,피자,부산 남구 용호로123번길 5,,,,,,별점 없음,99.0,0,,,
CSV,청담족발앤국밥,한식,부산 남구 분포로 115 B동 102호,,,,,,별점 없음,5.0,0,,,
MERGED,청도치킨,치킨,부산 남구 용소로8번길 42 1층,,,,,,별점 없음,504.0,0,,,
CSV,청송양곱창,고기,부산 수영구 남천동로108번길 8,,,,,,4.45,865.0,0,,,
CSV,청화백돼지국밥 광안리본점,한식,부산 수영구 남천바다로 18 1층 101호,,,,,,4.8,,0,,,
CSV,첸,중식,부산 남구 수영로325번길 61 롯데캐슬아파트,,,,,,4.31,158.0,0,,,
CSV,초배집,일식,부산 남구 유엔로 173 3층,,,,,,별점 없음,0.0,0,,,
CSV,초힛사츠,일식,부산 수영구 광남로 74 1층 초힛사츠,,,,,,4.86,,0,,,
CSV,춘리마라탕 경성대점,중식,부산 남구 용소로 11 2층,,,,,,별점 없음,,0,,,
CSV,충남집,한식,부산 남구 수영로358번길 36,,,,,,별점 없음,232.0,0,,,
CSV,치즈앤포테이토,분식,부산 남구 수영로293번길 30-6 1층 일부,,,,,,별점 없음,12.0,0,,,
CSV,치킨과요리의 만남 대연점,치킨,부산 남구 용소로19번길 34,,,,,,별점 없음,2.0,0,,,
CSV,치킨신드롬 남천하늘채점,치킨,부산 수영구 남천동로 91 301동 106호,,,,,,별점 없음,39.0,0,,,
CSV,치킨팩토리,치킨,부산 남구 조각공원로 47,,,,,,별점 없음,4.0,0,,,
CSV,치토피아,치킨,부산 남구 용소로13번길 41-1 (대연동),,,,,,별점 없음,3.0,0,,,
JSON,치한당 경성대부경대점,일식,부산광역시 남구 대연동 58-4 1층,,,,,,,0.0,0,,,
CSV,칠복장어 남천점,해산물,부산 수영구 황령대로489번길 30 2층,,,,,,별점 없음,,0,,,
CSV,칠성반점,중식,부산 남구 용소로21번길 41,,,,,,별점 없음,0.0,0,,,
CSV,칠칠켄터키 경성대점,치킨,부산 남구 용소로13번길 47,,,,,,별점 없음,301.0,0,,,
CSV,카돈카돈,일식,부산 남구 수영로298번길 21,,,,,,별점 없음,1.0,1,,,
CSV,카레담따,일식,부산 남구 못골로53번길 8,,,,,,별점 없음,1.0,0,,,
CSV,카레대왕돈까스킹,일식,부산 남구 수영로298번길 21,,,,,,별점 없음,1.0,0,,,
JSON,카레온 부산 경성대본점,일식,부산광역시 남구 대연동 34-11 1층 카레온,,,,,,,0.0,0,,,
CSV,카츠미치,일식,부산 수영구 남천동로108번길 43 1층,,,,,,4.9,965.0,0,,,
CSV,카츠백 남구대연점,일식,부산 남구 천제등로 59-14 1층 1호,,,,,,별점 없음,7.0,0,,,
CSV,카츠안 경성대부경대점,일식,부산 남구 수영로334번길 43 하나빌 104호 카츠안,,,,,,별점 없음,499.0,0,,,
CSV,카츠야,일식,부산 남구 이기대공원로 18 더파크이기대 101동102호,,,,,,별점 없음,135.0,0,,,
CSV,카츠키친 대연점,일식,부산 남구 용소로7번길 54 102호,,,,,,4.92,,0,,,
CSV,카페 미도리,카페,부산 남구 천제등로37번길 4 1층(대연동),,,,,,4.87,,0,,,
JSON,카페길 대연,양식,부산광역시 남구 대연동 510-12 1층,,,,,,,0.0,0,,,
CSV,카페위드,카페,부산 남구 용소로19번길 15 대정빌딩 2층,,,,,,별점 없음,715.0,0,,,
JSON,카페이정원,카페,부산광역시 남구 대연동 50-51 카페이정원 1층,,,,,,,0.0,0,,,
JSON,카페인설탕숲,카페,부산광역시 남구 대연동 539-16 1층,,,,,,,0.0,0,,,
JSON,카페인중독 대연점,카페,부산광역시 남구 대연동 1726-14 103호,,,,,,,0.0,0,,,
JSON,칸티푸르,일식,부산광역시 남구 대연동 58-4,,,,,,,0.0,0,,,
CSV,캐스크앤뀌베 용호점,양식,부산 남구 분포로 145 더블유 스퀘어동 1층 1069호,,,,,,별점 없음,62.0,0,,,
JSON,캠프 바베큐 치킨,치킨,부산광역시 남구 대연동 1721-6,,,,,,,0.0,0,,,
JSON,캠프어스,고기,부산광역시 남구 대연동 53-5 연제빌딩 3층,,,,,,,0.0,0,,,
CSV,케이찹사라다 경성부경대점,카페,부산 남구 용소로13번길 91 1층,,,,,,4.79,107.0,0,,,
CSV,케이찹사라다 용호점,분식,부산 남구 분포로 61 B동 1층 135호,,,,,,별점 없음,342.0,0,,,
CSV,코고미식당,일식,부산 남구 수영로334번길 56-6 에덴원룸 1층,,,,,,별점 없음,402.0,0,,,
MERGED,코브라독스 부산대연역점,분식,부산 남구 수영로 256-1 1층,,,,,,별점 없음,222.0,0,,,
JSON,코이요스시,일식,부산광역시 남구 대연동 42-5 1층,,,,,,,0.0,0,,,
CSV,코코노카,일식,부산 남구 수영로334번길 56-1 102호 코코노카,,,,,,별점 없음,798.0,0,,,
CSV,콜롬보가든 남천본점,한식,부산 수영구 황령대로489번길 49-1 1층,,,,,,4.89,,0,,,
CSV,쾩 경성대점,양식,부산 남구 용소로19번길 65 1층,,,,,,별점 없음,571.0,0,,,
JSON,쿠로야 경성대본점,일식,부산광역시 남구 대연동 74-18 1층 쿠로야 경성대본점,,,,,,,0.0,0,,,
MERGED,쿠우쿠우 부산경성대점,맛집,부산 남구 수영로 305 3층 쿠우쿠우 골드 부산경성대점,,,,,,별점 없음,,0,,,
CSV,퀸즈 필라프 대연점,햄버거,부산 남구 용소로19번길 41,,,,,,별점 없음,1.0,1,,,
CSV,크라운닭발 대연동점,치킨,부산 남구 용소로19번길 53 크라운닭발,,,,,,별점 없음,374.0,0,,,
CSV,크리스피아웃사이드,양식,부산 수영구 광남로 47 2층,,,,,,4.91,703.0,0,,,
MERGED,"큰집돼지국밥,뼈다귀해장국",한식,"부산 남구 수영로266번길 132 (대연동) 큰집돼지국밥,뼈다귀해장국",,,,,,별점 없음,,0,,,
CSV,키위,카페,부산 남구 수영로346번길 46 1층,,,,,,별점 없음,293.0,0,,,
CSV,킨키,일식,부산 수영구 남천동로108번길 46 2층 전층,,,,,,4.9,,0,,,
CSV,킹스피자 남구점,피자,부산 남구 유엔로120번길 31 1층,,,,,,별점 없음,0.0,0,,,
MERGED,타보로,양식,부산 남구 용소로 45 1층 동원장보고관,,,,,,별점 없음,243.0,0,,,
CSV,타블도트 부산W스퀘어점,양식,부산 남구 분포로 145 W스퀘어 2092호,,,,,,별점 없음,,0,,,
CSV,타코 사운즈 클럽,양식,부산 수영구 광남로 74 1층,,,,,,별점 없음,,0,,,
CSV,타코비 경성대점,일식,부산 남구 수영로 306 농협대연동지점,,,,,,별점 없음,99.0,0,,,
CSV,타코비 대연점,일식,부산 남구 유엔평화로14번길 58,,,,,,별점 없음,92.0,0,,,
CSV,타코짱 수영점,햄버거,부산 수영구 광남로48번길 12 1층,,,,,,별점 없음,1.0,0,,,
CSV,타코형 타코야끼전문점 대연점,햄버거,부산 남구 석포로 105 1(일부)층 (대연동),,,,,,별점 없음,3.0,0,,,
CSV,탕슈탕슈,중식,부산 남구 조각공원로 47,,,,,,별점 없음,4.0,0,,,
CSV,태연옥,한식,부산 남구 유엔평화로 26 1층 103호,,,,,,별점 없음,31.0,0,,,
CSV,탱크돈까스,일식,부산 남구 수영로219번길 56 1층,,,,,,별점 없음,367.0,0,,,
MERGED,텐달러 스테이크 앤 파스타,양식,부산 남구 수영로358번길 17 1층,,,,,,별점 없음,340.0,0,,,
MERGED,텐짱,일식,부산 남구 수영로298번길 14 1층 텐짱,,,,,,4.7,,0,,,
CSV,토핑몬스터피자 대연점,피자,부산 남구 유엔로 131 1층,,,,,,별점 없음,2.0,0,,,
CSV,톤톤,일식,부산 남구 용소로19번길 48 1층,,,,,,별점 없음,8.0,0,,,
MERGED,톤톤야끼,일식,부산 남구 용소로19번길 47,,,,,,4.9,,0,,,
JSON,통큰한우,맛집,부산광역시 남구 대연동 509-36 1층~3층,,,,,,,0.0,0,,,
CSV,통통연어,일식,부산 남구 수영로298번길 21,,,,,,별점 없음,2.0,0,,,
CSV,투썸플레이스 부산경성대역점,카페,부산 남구 수영로 295 105호,,,,,,별점 없음,102.0,0,,,
CSV,투썸플레이스 부산대남점,카페,부산 남구 황령대로 486 1층,,,,,,별점 없음,48.0,0,,,
MERGED,틈새라면 부경대점,분식,부산 남구 용소로21번길 27 2층,,,,,,4.7,361.0,0,,,
JSON,파니니숲 부경대,양식,부산광역시 남구 대연동 33-33 수오피스텔,,,,,,,0.0,0,,,
CSV,파닭일번지,치킨,부산 남구 용소로13번길 104,,,,,,별점 없음,224.0,0,,,
CSV,파리바게뜨 경성대점,카페,부산 남구 용소로 6,,,,,,별점 없음,,0,,,
CSV,파머스 경성대부경대점,햄버거,부산 남구 수영로322번길 21 지하1층,,,,,,별점 없음,12.0,0,,,
MERGED,파스쿠찌 부산경성대점,카페,부산 남구 수영로 315 1~2층,,,,,,별점 없음,,0,,,
CSV,파자마 광안점,양식,부산 수영구 남천바다로 26 2층,,,,,,4.85,,0,,,
CSV,퍼니비어 경성대점,양식,부산 남구 용소로19번길 20 혜성빌딩 1층,,,,,,별점 없음,484.0,0,,,
CSV,편백찜,한식,부산 남구 유엔로 173 3층,,,,,,별점 없음,12.0,0,,,
MERGED,평화김해뒷고기 경성대부경대점,고기,부산 남구 용소로13번길 9 평화김해뒷고기 경성대부경대점,,,,,,별점 없음,,0,,,
CSV,포비베이크샵,카페,부산 남구 수영로366번길 16-6 1층,,,,,,별점 없음,258.0,0,,,
CSV,포섬 동명대학교점,분식,부산 남구 신선로 428 동명대학교,,,,,,별점 없음,0.0,0,,,
CSV,포천할매 순두부,한식,부산 남구 용소로14번길 23,,,,,,별점 없음,0.0,0,,,
CSV,포포스탠드,일식,부산 수영구 남천바다로 29 지하1층,,,,,,별점 없음,95.0,0,,,
CSV,폰가게떡볶이,분식,부산 남구 수영로 345 115동 104호,,,,,,별점 없음,0.0,0,,,
JSON,폴 바셋 부산 대연 DT점,카페,부산광역시 남구 대연동 574-2,,,,,,,0.0,0,,,
CSV,푸드마스터j & 달빛감자남천점,양식,부산 수영구 수영로388번길 37,,,,,,별점 없음,138.0,0,,,
CSV,푸드파라다이스,맛집,부산 남구 용소로34번길 25,,,,,,별점 없음,4.0,0,,,
JSON,푸라닭 부산대연점,치킨,부산광역시 남구 대연동 34-15 1층 푸라닭 부산대연점,,,,,,,0.0,0,,,
CSV,푸라닭 부산용호점,치킨,부산 남구 용호로90번길 13-3 102호,,,,,,별점 없음,247.0,0,,,
MERGED,푸주인 경성대점,고기,부산 남구 수영로334번길 18 1층,,,,,,별점 없음,,0,,,
CSV,푸주인 대연역점,한식,부산 남구 유엔평화로14번길 7 1층 103호,,,,,,4.92,919.0,0,,,
CSV,풍년곱창,고기,부산 남구 용소로28번길 22-1,,,,,,별점 없음,,0,,,
MERGED,프랭크버거 부산부경대점,햄버거,부산 남구 수영로 334 1층,,,,,,별점 없음,,0,,,
CSV,프레드피자 대연점,피자,부산 남구 유엔평화로4번길 60 1층 101호,,,,,,별점 없음,214.0,0,,,
JSON,플러스84 부산대연점,한식,부산광역시 남구 대연동 39-7 2층,,,,,,,0.0,0,,,
CSV,플렌터,양식,부산 수영구 광남로48번길 17 1층 플렌터,,,,,,4.78,,0,,,
CSV,피나치공 대연점,피자,부산 남구 못골번영로46번길 46 상가 1층 피자나라치킨공주 대연점,,,,,,별점 없음,298.0,0,,,
CSV,피오름피자 부산남구점,피자,부산 남구 진남로 19,,,,,,별점 없음,4.0,0,,,
CSV,피자1번가 대연동성하이타운점,피자,부산 남구 천제등로24번길 3,,,,,,별점 없음,27.0,0,,,
CSV,피자덕 대연점,피자,부산 남구 유엔로 133,,,,,,별점 없음,41.0,0,,,
CSV,피자베이 남구수영점,피자,부산 남구 용소로21번길 37 1층,,,,,,별점 없음,162.0,0,,,
CSV,피자스쿨 부산남천역점,피자,부산 수영구 수영로408번길 10 1층,,,,,,별점 없음,299.0,0,,,
CSV,피자알볼로 부산대연점,피자,부산 남구 유엔평화로4번길 77 1층 101호,,,,,,별점 없음,619.0,0,,,
CSV,피자에땅,피자,부산 수영구 남천2동,,,,,,별점 없음,5.0,0,,,
MERGED,피자파파,피자,부산 남구 신선로 566 401동 103호 104호 일부호,,,,,,별점 없음,78.0,0,,,
MERGED,피자헛 부산대연점,피자,부산 남구 수영로 274 새신흥화원,,,,,,4.47,502.0,0,,,
CSV,하나돈가스,일식,부산 남구 수영로196번길 57,,,,,,별점 없음,119.0,0,,,
CSV,하나돈까스 남천점,일식,부산 수영구 광남로 62,,,,,,별점 없음,,0,,,
CSV,하늘소불고기 대연본점,한식,부산 남구 유엔로 127 1층,,,,,,별점 없음,33.0,0,,,
JSON,하단끝집 경성대부경대점,일식,부산광역시 남구 대연동 52-5 1층,,,,,,,0.0,0,,,
CSV,하대승담양갈비 대연점,한식,부산 남구 유엔로 229 1층,,,,,,별점 없음,455.0,0,,,
CSV,하도 이자카야,일식,부산 수영구 황령대로489번길 21 하도 이자카야,,,,,,별점 없음,264.0,0,,,
JSON,하삼동커피 부경대점,카페,부산광역시 남구 대연동 518 1층,,,,,,,0.0,0,,,
CSV,하이스트 광안하운드점,피자,부산 수영구 남천바다로33번길 12,,,,,,별점 없음,0.0,0,,,
JSON,하이와플,카페,부산광역시 남구 대연동 50-38,,,,,,,0.0,0,,,
CSV,한국맥도날드경성대점,햄버거,부산 남구 수영로 304,,,,,,별점 없음,,0,,,
CSV,한솥도시락 부경대점,한식,부산 남구 용소로 48,,,,,,별점 없음,467.0,0,,,
CSV,한양왕족발,한식,부산 남구 용호로106번길 40,,,,,,별점 없음,32.0,0,,,
CSV,한우공판장 본점,고기,부산 수영구 황령대로489번길 22 1층,,,,,,별점 없음,920.0,0,,,
CSV,한우소머리국밥,한식,부산 남구 용호로110번길 31,,,,,,별점 없음,2.0,0,,,
CSV,할리스 부산경성대점,카페,부산 남구 용소로 7 청라빌딩,,,,,,4.57,,0,,,
CSV,합천양곱창,고기,부산 남구 유엔평화로13번길 11 1층 합천양곱창,,,,,,4.59,774.0,0,,,
CSV,해금횟집,해산물,부산 남구 용소로13번길 13,,,,,,별점 없음,,0,,,
MERGED,해쉬,양식,부산 남구 수영로334번길 24 1층 해쉬,,,,,,4.56,,0,,,
CSV,해시 대연점,한식,부산 남구 못골번영로40번길 8,,,,,,별점 없음,2.0,0,,,
CSV,해안숯불갈비 광안리 본점,한식,부산 수영구 남천바다로 35 1층,,,,,,4.9,,0,,,
CSV,해운대논골집,한식,부산 수영구 남천바다로10번길 70 에이동 105호,,,,,,4.97,34.0,0,,,
CSV,향토집굴국밥,한식,부산 남구 용소로64번길 3,,,,,,별점 없음,556.0,0,,,
CSV,허브앤솔,치킨,부산 남구 조각공원로 47,,,,,,별점 없음,11.0,0,,,
JSON,헤이플롯,카페,부산광역시 남구 대연동 1730-2 2층,,,,,,,0.0,0,,,
CSV,혁이네초밥집,해산물,부산 수영구 남천바다로21번길 3 1층,,,,,,4.9,611.0,0,,,
CSV,호르몬치치 부산대연점,한식,부산 남구 용소로19번길 10 1층,,,,,,4.95,,0,,,
CSV,호마루떡볶이 대연점,분식,부산 남구 유엔로215번길 37,,,,,,별점 없음,3.0,0,,,
CSV,호세야오리바베큐 남구점,한식,부산 남구 유엔평화로17번길 87,,,,,,별점 없음,15.0,0,,,
CSV,호야 이자까야,일식,부산 남구 용소로7번길 63-3,,,,,,별점 없음,287.0,0,,,
CSV,호호정,한식,부산 남구 신선로 566 401동 147-2호,,,,,,별점 없음,566.0,0,,,
JSON,혼샤브 대연점,한식,부산광역시 남구 대연동 53-42 2층,,,,,,,0.0,0,,,
CSV,홍곳간 남천본점,한식,부산 수영구 황령대로489번길 41 1층,,,,,,별점 없음,,0,,,
CSV,홍루이젠 남천점,햄버거,부산 수영구 남천바다로 14 홍루이젠 남천점,,,,,,별점 없음,149.0,0,,,
CSV,홍루이젠 부산W스퀘어점,햄버거,부산 남구 분포로 145 W스퀘어 상가 2층 2029호,,,,,,4.47,565.0,0,,,
CSV,홍루이젠 부산대연점,카페,부산 남구 수영로 345 상가 114동 104호 홍루이젠 대연점,,,,,,별점 없음,364.0,0,,,
CSV,홍소족발,한식,부산 남구 용소로13번길 93,,,,,,4.36,471.0,0,,,
CSV,홍익돈까스 부산대연점,일식,부산 남구 용소로8번길 37 1층 홍익돈까스 부산대연점,,,,,,4.77,,0,,,
CSV,홍홍카츠 본점,일식,부산 남구 용소로8번길 21,,,,,,별점 없음,0.0,0,,,
CSV,화덕훈제오리&통삼겹&호랑이갈비찜 남천점,한식,부산 수영구 남천동로 33 501동 G12호,,,,,,별점 없음,37.0,0,,,
CSV,화락짬뽕,중식,부산 남구 용소로7번길 74 1층,,,,,,4.92,317.0,0,,,
CSV,화화돼지왕갈비 부산대연점,고기,부산 남구 유엔평화로 32 2층 화화돼지왕갈비 대연점,,,,,,별점 없음,807.0,0,,,
CSV,환영생오리,한식,부산 남구 수영로 237 102호,,,,,,별점 없음,211.0,0,,,
CSV,황금대패,한식,부산 수영구 황령대로 483-3 1층,,,,,,별점 없음,149.0,0,,,
CSV,황령산보쌈,한식,부산 수영구 황령산로 8,,,,,,별점 없음,49.0,0,,,
CSV,황해도,한식,부산 수영구 수영로394번길 35-3 황해도,,,,,,4.8,,0,,,
CSV,회뜰기세,일식,부산 남구 유엔로 104-1 1층,,,,,,별점 없음,16.0,0,,,
JSON,후라이드참잘하는집 대연점,맛집,부산광역시 남구 대연동 1728-1 1층,,,,,,,0.0,0,,,
CSV,후발대 대연점,한식,부산 남구 유엔평화로 3 1층 후발대 대연점,,,,,,4.91,166.0,0,,,
CSV,흑산도횟집,해산물,부산 남구 수영로334번길 11 1층,,,,,,4.92,399.0,0,,,
JSON,히노아지 경성대점,일식,부산광역시 남구 대연동 72-16,,,,,,,0.0,0,,,
CSV,히로 광안리,일식,부산 수영구 남천바다로10번길 48-5 HIRO,,,,,,4.88,,0,,,
JSON,히스피 대연점,카페,부산광역시 남구 대연동 1740-12 1층 히스피,,,,,,,0.0,0,,,
