name,category,star_rating,visitor_reviews,blog_reviews,address
백양숯불갈비 대연사거리 직영점,음식점,4.87,334,0,부산 남구 유엔평화로41번가길 42 1층 백양숯불갈비
길목화로,음식점,별점 없음,774,0,부산 남구 용소로7번길 28-1 1층
부산오복당 이기대본점,음식점,4.86,"1,480",0,부산 남구 용호로123번길 90-1 1층
호르몬치치 부산대연점,음식점,4.95,"2,020",0,부산 남구 용소로19번길 10 1층
1953형제돼지국밥 본점,음식점,4.8,"7,106",0,부산 남구 용소로13번길 29-1
구공해락 족발구이,음식점,4.96,308,0,부산 남구 용소로13번길 83 2층
푸주인 경성대점,음식점,별점 없음,"1,330",0,부산 남구 수영로334번길 18 1층
미국할매 대연본점,음식점,4.92,325,0,부산 남구 용소로21번길 45-1 1층
광안리남매,음식점,4.81,"4,070",0,부산 수영구 남천동로108번길 54 태광빌라 2층
겐쇼심야라멘 경성대점,음식점,별점 없음,"1,951",0,부산 남구 용소로13번길 16 엠파이어빌딩 1층 겐쇼심야라멘
철인7호,음식점,4.76,"1,850",0,부산 남구 수영로346번길 21 1층 철인7호
롤뺑드빠리,음식점,별점 없음,"1,181",0,부산 남구 용소로19번길 7 1층
갓생맥주 본점,음식점,4.8,"1,684",0,부산 남구 용소로13번길 23 1층
홍익돈까스 부산대연점,음식점,4.77,"4,676",0,부산 남구 용소로8번길 37 1층 홍익돈까스 부산대연점
해안숯불갈비 광안리 본점,음식점,4.9,"3,222",0,부산 수영구 남천바다로 35 1층
수연어 본점,음식점,4.75,"2,230",0,부산 남구 용소로40번길 30 제네시스 빼어날 수연어
이학수 한옥집김치찜 본점,음식점,4.5,"2,888",0,부산 남구 용소로7번길 79 이학수한옥집김치찜
샤브올 경성대점,음식점,별점 없음,"4,147",0,부산 남구 용소로8번길 21 2층
톤톤야끼,음식점,4.9,"1,856",0,부산 남구 용소로19번길 47
금수돼지국밥 경성부경대점,음식점,별점 없음,"5,621",0,부산 남구 수영로346번길 12 1층
흑산도횟집,음식점,4.92,399,0,부산 남구 수영로334번길 11 1층
유일한식탁,음식점,4.58,"1,971",0,부산 남구 용소로13번길 62 102동 1층 유일한식탁
영칼로리포케&샐러드 부산경성대부경대점,음식점,별점 없음,484,0,부산 남구 수영로 286 1층 영칼로리포케 부산 경성대부경대점
언양닭칼국수 경성대부경대점,음식점,4.74,"1,787",0,부산 남구 용소로8번길 14 1층 언양닭칼국수 경성대부경대점
원조서면소갈비살 경성대부경대점,음식점,별점 없음,692,0,부산 남구 용소로13번길 35 1층
텐달러 스테이크 앤 파스타,음식점,별점 없음,340,0,부산 남구 수영로358번길 17 1층
근사한중화요리 중찬 경성대본점,음식점,4.7,"2,328",0,부산 남구 수영로334번길 22
달빛에구운고등어 부산대연점,음식점,4.78,"1,254",0,부산 남구 유엔평화로 32 2동 2층
고궁삼계탕,음식점,별점 없음,686,0,부산 남구 용소로7번길 83 2층
화락짬뽕,음식점,4.92,317,0,부산 남구 용소로7번길 74 1층
평화김해뒷고기 경성대부경대점,음식점,별점 없음,"2,176",0,부산 남구 용소로13번길 9 평화김해뒷고기 경성대부경대점
여담,음식점,별점 없음,601,0,부산 남구 용소로13번길 32-1 1층
해금횟집,음식점,별점 없음,"6,848",0,부산 남구 용소로13번길 13
샤브온담,음식점,4.89,"1,151",0,부산 남구 황령대로492번길 24 202호
장호가양꼬치 경성부경대직영점,음식점,4.95,"1,207",0,부산 남구 용소로13번길 46 1층
텐짱,음식점,4.7,"1,053",0,부산 남구 수영로298번길 14 1층 텐짱
장수치킨맥주 경성대점,음식점,4.91,237,0,부산 남구 용소로13번길 41-1 1층
롤링파스타 부산경성대점,음식점,별점 없음,"3,880",0,부산 남구 용소로 3 2층
황해도,음식점,4.8,"1,039",0,부산 수영구 수영로394번길 35-3 황해도
용한우 남천점,음식점,4.89,269,0,부산 수영구 남천동로9번길 52 1층
우리집,음식점,4.93,44,0,부산 남구 용소로19번길 25 태양빌딩 지하1층
리틀베어베이크샵,음식점,별점 없음,608,0,부산 남구 수영로334번길 42 1층 리틀베어베이크샵
돈카츠 정,음식점,별점 없음,288,0,부산 남구 수영로334번길 56 1층 102호
스타벅스 경성대점,음식점,별점 없음,"6,314",0,부산 남구 수영로 312 (대연동)
오방가르드,음식점,별점 없음,380,0,부산 남구 용소로7번길 15-1 지하 오방가르드
아부라클럽,음식점,별점 없음,218,0,부산 남구 용소로 26 1층
미야미야 회 포차,음식점,4.88,360,0,부산 남구 수영로266번길 65 1층 미야미야포차
라이옥 베트남 쌀국수 본점,음식점,4.57,"2,264",0,부산 남구 용소로7번길 76
구월의마카롱,음식점,별점 없음,"1,079",0,부산 남구 수영로334번길 9
파리바게뜨 경성대점,음식점,별점 없음,"4,799",0,부산 남구 용소로 6
숯불애,음식점,4.78,"2,617",0,부산 남구 수영로346번길 20
신사우물갈비 대연점,음식점,4.92,"6,346",0,부산 남구 용소로7번길 83
맥도날드 경성대점,음식점,4.59,"5,470",0,부산 남구 수영로 304 대승타워
연어바치,음식점,별점 없음,"1,139",0,부산 남구 용소로21번길 71 1층 연어바치
빌라 드 엘르,음식점,별점 없음,"1,061",0,부산 남구 수영로 334 지하 1층 빌라 드 엘르
아웃닭 경성대점,음식점,별점 없음,"1,646",0,부산 남구 용소로19번길 6 1층
피자베이 남구수영점,음식점,별점 없음,162,0,부산 남구 용소로21번길 37 1층
감삼집 부산 경성대본점,음식점,4.9,"1,495",0,부산 남구 수영로322번길 33 2층
춘리마라탕 경성대점,음식점,별점 없음,"4,855",0,부산 남구 용소로 11 2층
고기달인,음식점,4.72,861,0,부산 남구 용소로7번길 81 1층
시장을여는사람들 경성대부경대점,음식점,별점 없음,984,0,부산 남구 용소로13번길 26
믕,음식점,별점 없음,994,0,부산 남구 용소로40번길 19 2층
역시한우,음식점,4.91,368,0,부산 남구 용소로13번길 81 1층
카페위드,음식점,별점 없음,715,0,부산 남구 용소로19번길 15 대정빌딩 2층
포비베이크샵,음식점,별점 없음,258,0,부산 남구 수영로366번길 16-6 1층
동동국밥 경성대점,음식점,4.85,603,0,부산 남구 용소로7번길 45 1층 102호
Poke all day 포케&샐러드 경성대부경대점,음식점,별점 없음,"1,506",0,부산 남구 용소로 13
아슬케밥,음식점,별점 없음,91,0,부산 남구 용소로28번길 10
이층집 코코로 본점,음식점,4.58,378,0,부산 남구 수영로322번길 18 2층
롯데리아 부산경성대점,음식점,별점 없음,"2,315",0,부산 남구 수영로 300 VISION PLAZA
할리스 부산경성대점,음식점,4.57,"1,305",0,부산 남구 용소로 7 청라빌딩
비스트로정재집,음식점,별점 없음,"1,112",0,부산 남구 용소로21번길 109 1층
그린클라우드 대연점,음식점,별점 없음,723,0,부산 남구 용소로 18-2 그린클라우드 대연점
돈나무집,음식점,4.95,79,0,부산 남구 용소로7번길 53-1 (대연동) 돈나무집
동대문엽기떡볶이 부산경성대점,음식점,별점 없음,470,0,부산 남구 용소로14번길 14 2층
미분당 대연점,음식점,4.91,"1,126",0,부산 남구 용소로19번길 34 1층 101호
백양숯불갈비 본점,음식점,별점 없음,347,0,부산 남구 수영로358번길 21 1층
면식당 부경대점,음식점,별점 없음,"3,211",0,부산 남구 용소로21번길 66 1층
사랑각 부산경성대점,음식점,별점 없음,"1,085",0,부산 남구 용소로13번길 10 1층
애착,음식점,4.92,"1,384",0,부산 남구 용소로19번길 22 1층 101호
떡 뽑는 집 범앗간 대연본점,음식점,별점 없음,969,0,부산 남구 용소로 10 1층
보배반점 대연점,음식점,별점 없음,"1,288",0,부산 남구 수영로298번길 10 1층 일부호(대연동)
"큰집돼지국밥,뼈다귀해장국",음식점,별점 없음,"1,099",0,"부산 남구 수영로266번길 132 (대연동) 큰집돼지국밥,뼈다귀해장국"
도미노피자 용호남천점,음식점,4.53,669,0,부산 남구 수영로 346 1층
쌈마이 닭쌈밥 대연점,음식점,별점 없음,875,0,부산 남구 용소로21번길 43-1 1층 쌈마이
노모어피자 경성부경대점,음식점,별점 없음,94,0,부산 남구 수영로322번길 22 2층 201호
아일라케밥,음식점,별점 없음,31,0,부산 남구 용소로28번길 8 1층
역전할머니맥주 부산경성부경대점,음식점,별점 없음,"1,104",0,부산 남구 용소로7번길 41
강인아구찜,음식점,별점 없음,92,0,"부산 남구 용소로7번길 63-4 1,2층 101,201호"
아미양곱창,음식점,4.87,"1,000",0,부산 남구 용소로13번길 84-2 1층 아미양곱창
호야 이자까야,음식점,별점 없음,287,0,부산 남구 용소로7번길 63-3
남포육개장,음식점,별점 없음,934,0,부산 남구 용소로13번길 62 102동 101호 남포육개장
발해,음식점,4.89,273,0,부산 남구 용소로34번길 25 1층
그라츠커피랩 경성대점,음식점,별점 없음,407,0,부산 남구 수영로 311-1 건물 전층 그라츠커피랩
골목,음식점,4.84,"1,256",0,부산 남구 용소로7번길 32-2 1층
크라운닭발 대연동점,음식점,별점 없음,374,0,부산 남구 용소로19번길 53 크라운닭발
별다른 돈까스,음식점,4.93,404,0,부산 남구 용소로21번길 91 1층 별다른돈까스
물레방아즉석구이,음식점,별점 없음,138,0,부산 남구 수영로358번길 7
스몰굿커피 부경대점,음식점,별점 없음,290,0,"부산 남구 용소로21번길 15-1 1, 2층"
칠칠켄터키 경성대점,음식점,별점 없음,301,0,부산 남구 용소로13번길 47
쾩 경성대점,음식점,별점 없음,571,0,부산 남구 용소로19번길 65 1층
대남 포장집,음식점,별점 없음,440,0,부산 남구 대연동 37-1
버거킹 부산경성대점,음식점,별점 없음,251,0,부산 남구 수영로 295
못,음식점,별점 없음,"1,126",0,부산 남구 수영로346번길 33 1층
와플대학 부산경성대캠퍼스,음식점,별점 없음,42,0,부산 남구 수영로 274-17 1층
OL'55,음식점,별점 없음,97,0,부산 남구 용소로19번길 26 지하1층 OL55(한은빌딩)
박가부대 부산경성대점,음식점,별점 없음,743,0,부산 남구 용소로8번길 6 박가부대찌개 경성대부경대점
돈카츠유마,음식점,별점 없음,557,0,부산 남구 용소로 56 1층 돈카츠유마
도련님숯불갈비 경성대본점,음식점,4.85,495,0,부산 남구 수영로322번길 32 1층
미효공방 경성대점,음식점,별점 없음,809,0,부산 남구 용소로19번길 41 1층
오디오디,음식점,4.81,"2,361",0,부산 남구 용소로 34 2층 odod
타보로,음식점,별점 없음,243,0,부산 남구 용소로 45 1층 동원장보고관
파스쿠찌 부산경성대점,음식점,별점 없음,"2,114",0,부산 남구 수영로 315 1~2층
BBQ치킨 부산경성대점,음식점,별점 없음,166,0,부산 남구 용소로7번길 35 1층
투썸플레이스 부산대남점,음식점,별점 없음,48,0,부산 남구 황령대로 486 1층
구르메,음식점,별점 없음,426,0,부산 남구 용소로13번길 61 101동 102호 구르메
다온스시&덮밥,음식점,별점 없음,"2,706",0,부산 남구 수영로334번길 6 1층
스위시 대연써밋점,음식점,별점 없음,31,0,부산 남구 황령대로 504 115동 1층 120호
파머스 경성대부경대점,음식점,별점 없음,12,0,부산 남구 수영로322번길 21 지하1층
아홉달,음식점,별점 없음,"1,129",0,부산 남구 수영로346번길 23 2층 아홉달
키위,음식점,별점 없음,293,0,부산 남구 수영로346번길 46 1층
푸드파라다이스,음식점,별점 없음,4,0,부산 남구 용소로34번길 25
케이찹사라다 경성부경대점,음식점,4.79,107,0,부산 남구 용소로13번길 91 1층
막창홀릭,음식점,별점 없음,64,0,부산 남구 수영로 274-23 우성빌딩
그레이핍플 부경대점,음식점,별점 없음,4,0,부산 남구 용소로13번길 62 103호 그레이핍플 부경대점
투썸플레이스 부산경성대역점,음식점,별점 없음,102,0,부산 남구 수영로 295 105호
프랭크버거 부산부경대점,음식점,별점 없음,"1,183",0,부산 남구 수영로 334 1층
BBQ치킨 부산부경대점,음식점,별점 없음,20,0,부산 남구 수영로366번길 31 2층
김소남연탄쪽갈비,음식점,별점 없음,309,0,부산 남구 용소로7번길 42 김소남연탄쪽갈비 1F
제일칼국수 남천점,음식점,4.83,"1,741",0,"부산 수영구 황령대로 491 1층 1-2호, 1-4호"
주월포차 대연동 본점,음식점,별점 없음,127,0,부산 남구 용소로13번길 9 2층
웨이양,음식점,4.8,"2,620",0,부산 남구 용소로7번길 78
광안야행,음식점,별점 없음,"1,897",0,부산 수영구 남천동로108번길 54 광안야행
진곰탕진해장,음식점,4.89,422,0,부산 수영구 남천동로108번길 7 1층
대영면옥,음식점,별점 없음,212,0,부산 남구 황령대로492번길 24
쉘박스 대연점,음식점,별점 없음,454,0,부산 남구 수영로266번길 73 1층
라화공방 부산대연점,음식점,별점 없음,"1,866",0,부산 남구 용소로19번길 49
그라찌에 부경대학교행복기숙사점,음식점,별점 없음,94,0,부산 남구 용소로 45 행복연합기숙사 1층
마노 경성대점,음식점,4.9,896,0,부산 남구 용소로19번길 25 태양빌딩 2층
대패파,음식점,별점 없음,178,0,부산 남구 용소로14번길 17 1층 대패파
당감댁 경성대&부경대점,음식점,별점 없음,"1,190",0,부산 남구 용소로7번길 64 1층
윌로버케이크,음식점,별점 없음,35,0,"부산 남구 용소로21번길 75-4 1층 101호, 102호"
명랑핫도그 경성대1호점,음식점,별점 없음,766,0,부산 남구 용소로 30 1층 명랑핫도그
퍼니비어 경성대점,음식점,별점 없음,484,0,부산 남구 용소로19번길 20 혜성빌딩 1층
웨이드,음식점,별점 없음,219,0,부산 남구 황령대로492번길 66 지하1층
코코노카,음식점,별점 없음,798,0,부산 남구 수영로334번길 56-1 102호 코코노카
남원,음식점,별점 없음,236,0,부산 남구 용소로8번길 16 2층
버거잇[Burgereat],음식점,별점 없음,"1,052",0,부산 남구 수영로322번길 46 2층
구디,음식점,별점 없음,146,0,부산 남구 수영로298번길 22 1층 102호
카츠안 경성대부경대점,음식점,별점 없음,499,0,부산 남구 수영로334번길 43 하나빌 104호 카츠안
자금성,음식점,별점 없음,11,0,부산 남구 황령대로 488 1층
온정돼지국밥 남구직영점,음식점,4.89,245,0,부산 남구 용소로21번길 47-1 1층
집밥,음식점,별점 없음,375,0,부산 남구 황령대로492번길 32 32
모이커피샵,음식점,별점 없음,206,0,부산 남구 용소로34번길 22-2 1층 모이커피샵
농부꼬마김밥 본점,음식점,별점 없음,231,0,부산 남구 용소로 3 1층
대봉찜닭,음식점,4.82,"5,211",0,부산 남구 수영로334번길 5 1층
부갈집,음식점,4.95,210,0,부산 수영구 광남로 43 1층 부갈집
우홍백 돼지국밥 본점,음식점,4.84,"2,659",0,부산 남구 용소로14번길 26 1층
종가대박집 대연점,음식점,별점 없음,276,0,부산 남구 용소로7번길 33
수라국밥 경성대점,음식점,별점 없음,859,0,부산 남구 용소로8번길 21
삼환축산 대연점,음식점,별점 없음,"1,299",0,부산 남구 용소로7번길 40 1층 삼환축산 경성대부경대점
등촌샤브칼국수 대연점,음식점,별점 없음,309,0,부산 남구 용소로13번길 52 1층
경성고기,음식점,4.84,335,0,부산 남구 용소로8번길 33 1층
용소해장국,음식점,별점 없음,304,0,부산 남구 수영로346번길 17 용소해장국
고기가득통돼지김치찌개,음식점,별점 없음,170,0,부산 남구 수영로346번길 37 고기가득통돼지김치찌개
바당 전복죽,음식점,별점 없음,33,0,부산 남구 황령대로 504 상가동 103호
덩굴아나고,음식점,별점 없음,403,0,부산 수영구 황령대로 483-7 1층
향토집굴국밥,음식점,별점 없음,556,0,부산 남구 용소로64번길 3
골목끝에서울집,음식점,별점 없음,"1,054",0,부산 남구 용소로21번길 21-6
대방집,음식점,별점 없음,27,0,부산 남구 용소로7번길 84 1층 106호
아빠횟집,음식점,4.56,172,0,부산 남구 수영로358번길 24 아빠횟집
술적심,음식점,별점 없음,266,0,부산 남구 용소로19번길 41-1 2층 술적심
구백냥곱창,음식점,별점 없음,9,0,부산 남구 수영로298번길 21
먹음직뼈감자탕 대연점,음식점,별점 없음,82,0,부산 남구 수영로266번길 21 1층
칠복장어 남천점,음식점,별점 없음,"2,811",0,부산 수영구 황령대로489번길 30 2층
윤키친,음식점,별점 없음,0,0,부산 남구 황령대로 504 115동 208호
부산곰탕 대연점,음식점,4.89,"1,219",0,부산 남구 조각공원로 37 1층
느엉98,음식점,별점 없음,0,0,부산 남구 용소로14번길 42
슈바인학센과 미니족발,음식점,별점 없음,2,0,"부산 남구 수영로 294 107-1호(대연동,대연동동일스위트)"
인스타크랩,음식점,4.92,149,0,부산 수영구 황령대로 491 1층 인스타크랩
쭈꾸밍 대연점,음식점,별점 없음,29,0,부산 남구 용소로19번길 4 지하1층
찜하닭,음식점,별점 없음,21,0,부산 남구 수영로266번길 108 1층
왕초장,음식점,별점 없음,358,0,부산 수영구 광안해변로15번길 77 95호 왕초장
남천전집,음식점,별점 없음,55,0,부산 수영구 황령대로489번길 14
4도C냉면 & 우동,음식점,별점 없음,1,0,부산 남구 수영로 274
매킴부산돼지국밥,음식점,별점 없음,1,0,부산 남구 수영로298번길 21 2층 207호
송하돼지국밥,음식점,별점 없음,534,0,부산 수영구 수영로384번길 26
메가혼밥 부산대연점,음식점,별점 없음,0,0,부산 남구 용소로46번길 30 1층 102호
원조 멸치 칼국수,음식점,별점 없음,1,0,부산 남구 용소로14번길 23
뽀글뽀글김치나라,음식점,별점 없음,18,0,부산 남구 용소로13번길 9
청기와식당,음식점,별점 없음,2,0,부산 남구 수영로 312 센츄리빌딩지하 115호
만원족발&만원육회 대연점,음식점,별점 없음,13,0,부산 남구 용소로14번길 9 (대연동)
제대로한끼,음식점,별점 없음,4,0,부산 남구 용소로21번길 41
만복국수,음식점,별점 없음,0,0,주소 없음
THE 김치찌개,음식점,별점 없음,1,0,부산 남구 용소로14번길 42 (대연동)
경수초장집,음식점,별점 없음,93,0,"부산 남구 용소로8번길 17 , 5층"
지금은 아구찜 대연점,음식점,별점 없음,0,0,부산 남구 수영로298번길 21 2(일부)층 (대연동)
신밀양돼지국밥,음식점,별점 없음,3,0,부산 남구 용소로 45
하대승담양갈비 대연점,음식점,별점 없음,455,0,부산 남구 유엔로 229 1층
곱창동자,음식점,별점 없음,4,1,부산 남구 용소로21번길 37-1
엄마손 닭도리탕,음식점,별점 없음,2,0,부산 남구 용소로13번길 17
맛있는 김치찜&김치찌개,음식점,별점 없음,1,0,"부산 남구 수영로298번길 39-9 가동 101호, 102호"
포천할매 순두부,음식점,별점 없음,0,0,부산 남구 용소로14번길 23
맛있는인생,음식점,별점 없음,3,0,부산 남구 용소로14번길 17
울엄마 김치찜 갈비찜,음식점,별점 없음,0,0,부산 남구 수영로298번길 27
닭한판바베큐,음식점,별점 없음,1,0,부산 남구 수영로 312
궁순 순두부,음식점,별점 없음,0,0,부산 남구 용소로13번길 77 (대연동)
속시원한 명물 부산물회,음식점,별점 없음,"1,339",0,부산 수영구 남천동로108번길 12 2층
지교,음식점,4.96,203,0,부산 남구 수영로346번길 44 1층 지교
그집짬뽕0927 대연점,음식점,4.86,"3,082",0,부산 남구 용소로7번길 60 영광드림타워 1층 102호
1978 상하이짬뽕 대연점,음식점,별점 없음,2,0,부산 남구 용소로19번길 41-1
뚠뚠이 생안심탕수육,음식점,별점 없음,3,0,부산 남구 용소로34번길 25
호호정,음식점,별점 없음,566,0,부산 남구 신선로 566 401동 147-2호
탕슈탕슈,음식점,별점 없음,4,0,부산 남구 조각공원로 47
수반점,음식점,별점 없음,515,0,부산 남구 수영로250번길 19
첸,음식점,4.31,158,0,부산 남구 수영로325번길 61 롯데캐슬아파트
부산연경 대연점,음식점,4.62,"2,047",0,부산 남구 못골로 95 1층
북경양꼬치 남천점,음식점,별점 없음,158,0,부산 수영구 남천동로10번길 18 101호
용이네주방부경대점,음식점,별점 없음,10,0,부산 남구 대연동
남천홍반장,음식점,별점 없음,343,0,부산 수영구 수영로408번길 9
동화대반점,음식점,별점 없음,759,0,부산 수영구 수영로427번길 11 2층
남천각,음식점,별점 없음,113,0,부산 수영구 남천동로22번길 15-1
차이풍,음식점,별점 없음,809,0,부산 남구 용소로13번길 46 2층 차이풍
칠성반점,음식점,별점 없음,0,0,부산 남구 용소로21번길 41
갈비짬뽕엔탕수육,음식점,별점 없음,0,0,부산 남구 수영로298번길 27
반대가리,음식점,별점 없음,4,0,부산 남구 수영로325번길 12
상무초밥 광안리점,음식점,4.85,989,0,부산 수영구 남천바다로 36 1층
이자카야 우규 경성대점,음식점,4.89,304,0,부산 남구 용소로13번길 37
카츠야,음식점,별점 없음,135,0,부산 남구 이기대공원로 18 더파크이기대 101동102호
미츠바,음식점,4.94,209,0,부산 남구 용소로14번길 50 2층
오오키니,음식점,4.47,453,0,부산 남구 용소로14번길 31 1층 오오키니
세이고우,음식점,별점 없음,443,0,부산 남구 수영로298번길 41 1층
미슐당 대연본점,음식점,별점 없음,"5,452",0,부산 남구 용소로13번길 80 1층 미슐당
혁이네초밥집,음식점,4.9,611,0,부산 수영구 남천바다로21번길 3 1층
쿠우쿠우 부산경성대점,음식점,별점 없음,"6,968",0,부산 남구 수영로 305 3층 쿠우쿠우 골드 부산경성대점
카츠키친 대연점,음식점,4.92,"1,007",0,부산 남구 용소로7번길 54 102호
은화수식당 경성대점,음식점,별점 없음,355,0,부산 남구 용소로21번길 39-1
톤톤,음식점,별점 없음,8,0,부산 남구 용소로19번길 48 1층
코고미식당,음식점,별점 없음,402,0,부산 남구 수영로334번길 56-6 에덴원룸 1층
오니쿠,음식점,4.88,171,0,부산 남구 수영로358번길 25 1층 오니쿠
마지,음식점,별점 없음,3,0,부산 남구 용소로14번길 14-1 1층
충남집,음식점,별점 없음,232,0,부산 남구 수영로358번길 36
타코비 경성대점,음식점,별점 없음,99,0,부산 남구 수영로 306 농협대연동지점
오츠 경성대부경대점,음식점,별점 없음,287,0,부산 남구 수영로334번길 56-7 1층
이천밥쌤 경성대부경대점,음식점,별점 없음,205,0,부산 남구 용소로 13 경운빌딩 1층
세카이,음식점,별점 없음,1,0,부산 남구 수영로334번길 36 1층
요이참치대연점,음식점,별점 없음,66,0,부산 남구 수영로266번길 74 요이참치 1층
돈돈카츠 대연점,음식점,별점 없음,66,0,부산 남구 수영로266번길 115 베네시티
채선당 샤브보트 부경대점,음식점,별점 없음,200,0,부산 남구 용소로21번길 71
우연 초신선 한우육회와 최상급 딥스킨연어,음식점,별점 없음,5,17,부산 남구 수영로 294
이쯔모 창코나베전문점,음식점,별점 없음,2,1,부산 남구 용소로13번길 41-1
구드미엘,음식점,별점 없음,575,0,부산 남구 수영로325번길 12 대연동푸르지오아파트
봉이집,음식점,별점 없음,3,0,부산 남구 수영로322번길 49-3 1층
모야시 철판돈까스 & 대만 마제소바 대연점,음식점,별점 없음,11,0,부산 남구 용소로14번길 9 1(일부)층(대연동)
동욱 참치,음식점,별점 없음,3,0,부산 남구 용소로40번길 30
카레대왕돈까스킹,음식점,별점 없음,1,0,부산 남구 수영로298번길 21
자연메기탕.추어탕,음식점,별점 없음,1,0,부산 남구 대연동 11-3
1970 신포할매 쫄면과돈까스 대연점,음식점,별점 없음,0,0,부산 남구 수영로298번길 21
바로덮밥 대연점,음식점,별점 없음,34,0,부산 남구 수영로298번길 36 유이빌딩 2층
카돈카돈,음식점,별점 없음,1,1,부산 남구 수영로298번길 21
홍홍카츠 본점,음식점,별점 없음,0,0,부산 남구 용소로8번길 21
통통연어,음식점,별점 없음,2,0,부산 남구 수영로298번길 21
니가찾던돈까스,음식점,별점 없음,0,0,부산 남구 용소로46번길 30 (대연동)
우나요시 본점,음식점,별점 없음,135,0,부산 수영구 황령대로489번길 14 1층 106호
임사부돈카츠하나만파는집 대연점,음식점,별점 없음,0,0,부산 남구 수영로 311 2층
진깡사마,음식점,4.68,295,0,부산 수영구 황령대로481번길 10-10 진깡사마
대운 남천동본점,음식점,4.85,"1,267",0,부산 수영구 수영로388번길 45
땡초우동 대연혁신지구점,음식점,별점 없음,136,0,부산 남구 수영로 345 대연혁신지구상가 1층 115동 103호
어가 가이텐스시 남천점,음식점,별점 없음,215,0,부산 수영구 수영로384번길 10 1층 (남천동)
나지미,음식점,별점 없음,3,0,"부산 수영구 남천동로10번길 5 (남천동,남촌)"
초배집,음식점,별점 없음,0,0,부산 남구 유엔로 173 3층
편백찜,음식점,별점 없음,12,0,부산 남구 유엔로 173 3층
남천동 연어회,음식점,별점 없음,3,0,부산 수영구 남천동로 41
공감,음식점,별점 없음,56,0,부산 남구 유엔평화로10번길 8
송원일식,음식점,별점 없음,561,0,부산 수영구 남천동로9번길 41 인재빌딩 1.2층
박성환돈까스 남천점,음식점,4.79,"1,828",0,부산 수영구 광남로 14 1층
아트마네,음식점,별점 없음,15,0,부산 남구 유엔평화로 25 1층
18번완당,음식점,4.48,"1,495",0,부산 수영구 남천동로9번길 28
스시하율,음식점,별점 없음,29,0,부산 수영구 광남로 12 1층
모리하루,음식점,별점 없음,989,0,부산 남구 수영로219번길 25
먹부심,음식점,별점 없음,94,0,부산 남구 수영로219번길 30 1층
탱크돈까스,음식점,별점 없음,367,0,부산 남구 수영로219번길 56 1층
삼국 남천본점,음식점,별점 없음,36,0,부산 수영구 광남로22번길 14 1층 삼국
다이도코로 광안리본점,음식점,4.76,1,0,부산 수영구 남천동로108번길 27 2층 다이도코로
동화집,음식점,4.83,"6,889",0,부산 수영구 남천바다로10번길 70 103호
타코비 대연점,음식점,별점 없음,92,0,부산 남구 유엔평화로14번길 58
민영활어공장 대연못골시장점,음식점,별점 없음,29,0,부산 남구 못골로 53 1층
카츠백 남구대연점,음식점,별점 없음,7,0,부산 남구 천제등로 59-14 1층 1호
Ocean View 샤브애진심,음식점,별점 없음,"2,880",0,부산 남구 분포로 66-17 3층
히로 광안리,음식점,4.88,"1,917",0,부산 수영구 남천바다로10번길 48-5 HIRO
원카츠 남천점,음식점,별점 없음,"1,038",0,부산 수영구 남천동로108번길 10 1층
MOZART 수제함박스테이크&돈까스,음식점,별점 없음,81,0,부산 남구 유엔평화로76번길 26
무궁화,음식점,별점 없음,"2,026",0,부산 수영구 황령산로8번길 5
다케다야,음식점,4.51,"2,242",0,부산 수영구 남천동로108번길 31 2층
라멘&가정식 하루키야,음식점,별점 없음,2,0,부산 남구 못골로53번길 8
남송,음식점,별점 없음,5,0,부산 수영구 남천동로9번길 66 1층
하나돈가스,음식점,별점 없음,119,0,부산 남구 수영로196번길 57
카레담따,음식점,별점 없음,1,0,부산 남구 못골로53번길 8
카츠미치,음식점,4.9,965,0,부산 수영구 남천동로108번길 43 1층
스시마츠,음식점,별점 없음,318,0,부산 수영구 광남로 54 1층
두남자이야기,음식점,별점 없음,51,0,부산 남구 동명로145번길 92
샤브20 부산광안리점,음식점,별점 없음,"3,212",0,부산 수영구 광안해변로 127
옥돈까츠,음식점,별점 없음,0,0,부산 남구 못골로12번길 59
신센 본점,음식점,별점 없음,"1,192",0,부산 수영구 남천동로108번길 49 협진태양상가 106호
초힛사츠,음식점,4.86,"5,697",0,부산 수영구 광남로 74 1층 초힛사츠
광안리 달팽이,음식점,4.34,169,0,부산 수영구 광안해변로 122 삼익비치아파트B상가
동경밥상 본점,음식점,별점 없음,"3,077",0,부산 수영구 남천바다로 34-6 1층
야키토리장인,음식점,별점 없음,46,0,부산 수영구 남천동로108번길 46 1층
만타스시31 용호점,음식점,4.03,119,0,부산 남구 용호로42번길 148 1층 일부호(용호동)
고베규카츠 광안점,음식점,4.85,"4,842",0,부산 수영구 남천바다로 35 2층
간빠맥주,음식점,4.91,2,0,부산 수영구 남천바다로33번길 9 1층 101호
스시하루,음식점,별점 없음,477,0,부산 수영구 광안해변로 133 2층
하나돈까스 남천점,음식점,별점 없음,"4,268",0,부산 수영구 광남로 62
포포스탠드,음식점,별점 없음,95,0,부산 수영구 남천바다로 29 지하1층
우동키노야 광안점,음식점,별점 없음,418,0,부산 수영구 광남로 75 2층
금문초밥,음식점,별점 없음,104,0,부산 남구 동명로131번길 3
회뜰기세,음식점,별점 없음,16,0,부산 남구 유엔로 104-1 1층
아케스시,음식점,별점 없음,123,0,부산 수영구 남천바다로10번길 7 아케스시
대박횟집 1인회 전문,음식점,별점 없음,25,3,부산 남구 동명로 123
가온카츠,음식점,별점 없음,1,0,"부산 남구 이기대공원로26번길 13 다동 1층 101호(용호동, 해동그린빌라)"
카페 미도리,음식점,4.87,"1,413",0,부산 남구 천제등로37번길 4 1층(대연동)
블랑드블랑,음식점,4.77,896,0,부산 남구 유엔평화로14번길 40
알로하오노,음식점,별점 없음,257,0,부산 수영구 광안해변로 133 4층
오일리 경성대본점,음식점,4.9,"3,181",0,부산 남구 수영로322번길 49-3 1층 오일리 경성대본점
해쉬,음식점,4.56,"2,338",0,부산 남구 수영로334번길 24 1층 해쉬
궁중해물탕 조씨집 대연본점,음식점,4.59,"1,861",0,부산 남구 진남로 7-11 궁중해물탕 조씨집
꽉꽉피자 대연점,음식점,별점 없음,10,0,부산 남구 수영로266번길 33 1층
도로시파스타 연정,음식점,별점 없음,2,0,부산 남구 수영로298번길 21 3층 306호
맘스피자 부산경성대점,음식점,별점 없음,10,0,부산 남구 수영로 313 2층
피자헛 부산대연점,음식점,4.47,502,0,부산 남구 수영로 274 새신흥화원
르몽드트레비어,음식점,별점 없음,19,0,부산 남구 용소로13번길 36-1 1층
미친피자 남구점,음식점,별점 없음,62,0,부산 남구 용소로64번길 14 1층
한국맥도날드경성대점,음식점,별점 없음,"1,140",0,부산 남구 수영로 304
부버거,음식점,별점 없음,128,0,부산 남구 수영로266번길 36 1층
퀸즈 필라프 대연점,음식점,별점 없음,1,1,부산 남구 용소로19번길 41
차영호,음식점,별점 없음,5,0,부산 남구 수영로322번길 8 지하1층
피자파파,음식점,별점 없음,78,0,부산 남구 신선로 566 401동 103호 104호 일부호
대연동싸다구피자,음식점,4.73,319,0,부산 남구 수영로250번길 82 1층 싸다구피자
홍루이젠 부산대연점,음식점,별점 없음,364,0,부산 남구 수영로 345 상가 114동 104호 홍루이젠 대연점
홍루이젠 부산W스퀘어점,음식점,4.47,565,0,부산 남구 분포로 145 W스퀘어 상가 2층 2029호
김씨화덕 W스퀘어점,음식점,별점 없음,769,0,부산 남구 분포로 145 W스퀘어 C동
지니프레쉬 대연점,음식점,별점 없음,463,0,"부산 남구 수영로250번길 47 1층, 지니프레쉬 대연점"
캐스크앤뀌베 용호점,음식점,별점 없음,62,0,부산 남구 분포로 145 더블유 스퀘어동 1층 1069호
엘브리또 경성대점,음식점,별점 없음,701,0,부산 남구 수영로293번길 42
오크피자,음식점,별점 없음,3,0,부산 남구 수영로250번길 45-24
불스피자,음식점,별점 없음,14,0,부산 남구 수영로250번길 45-4 1층
용소식당 경성대 대연동점,음식점,4.84,"1,565",0,부산 남구 유엔평화로9번길 25 용소식당
코브라독스 부산대연역점,음식점,별점 없음,222,0,부산 남구 수영로 256-1 1층
무무 피자,음식점,별점 없음,267,0,주소 없음
샌딜리버블 남구점,음식점,별점 없음,3,0,부산 남구 유엔평화로17번길 69 1층
666버거 대연점,음식점,별점 없음,205,0,부산 남구 유엔로 211 정성재아파트 상가 101동 101호
푸드마스터j & 달빛감자남천점,음식점,별점 없음,138,0,부산 수영구 수영로388번길 37
재즈프레소,음식점,별점 없음,165,0,부산 수영구 광안해변로 27-3 2층
거래처,음식점,별점 없음,1,0,부산 수영구 남천동로9번길 57
드리아데버거&커피동명점,음식점,별점 없음,63,0,부산 남구 신선로 428
611WoodFire,음식점,별점 없음,337,0,부산 수영구 황령산로 14-1 2층
PUSIL 광안리,음식점,4.88,"3,137",0,부산 수영구 광남로 43 1층
킹스피자 남구점,음식점,별점 없음,0,0,부산 남구 유엔로120번길 31 1층
블루,음식점,별점 없음,407,0,부산 수영구 남천동로9번길 66
맘스터치 동명대점,음식점,별점 없음,183,0,부산 남구 신선로 428
플렌터,음식점,4.78,"5,860",0,부산 수영구 광남로48번길 17 1층 플렌터
피자1번가 대연동성하이타운점,음식점,별점 없음,27,0,부산 남구 천제등로24번길 3
맘스터치 남천점,음식점,별점 없음,392,0,부산 수영구 수영로464번길 21
피자알볼로 부산대연점,음식점,별점 없음,619,0,부산 남구 유엔평화로4번길 77 1층 101호
맥도날드 부산남천DT점,음식점,4.56,1,0,부산 수영구 수영로 470
크리스피아웃사이드,음식점,4.91,703,0,부산 수영구 광남로 47 2층
오지테이블 남천점,음식점,별점 없음,"2,877",0,부산 수영구 수영로 474 1층
네오피자 남구점,음식점,별점 없음,23,0,부산 남구 유엔평화로 149
송정동핫도그 남구청점,음식점,별점 없음,283,0,부산 남구 못골로41번길 12 1층 송정동핫도그 남구청점
로피,음식점,별점 없음,23,0,부산 수영구 광남로48번길 29 1층
버거킹 부산용호분포SK점,음식점,별점 없음,"4,289",0,부산 남구 용호로 116 분포주유소
타코짱 수영점,음식점,별점 없음,1,0,부산 수영구 광남로48번길 12 1층
빌라드키친,음식점,4.65,740,0,부산 남구 이기대공원로26번길 12 1-2층
타코 사운즈 클럽,음식점,별점 없음,"1,756",0,부산 수영구 광남로 74 1층
파자마 광안점,음식점,4.85,"1,007",0,부산 수영구 남천바다로 26 2층
솔탭하우스,음식점,별점 없음,"1,845",0,부산 수영구 광안해변로 153 4층
잭슨피자 광안리점,음식점,별점 없음,"2,223",0,부산 수영구 광안해변로 149 1~3층
KFC 광안리,음식점,별점 없음,8,0,부산 수영구 광안해변로 153 비치세븐빌딩 1층
미까뚜까,음식점,별점 없음,67,0,부산 수영구 남천바다로 38-8 1층
롯데리아용호점,음식점,별점 없음,"1,541",0,부산 남구 용호로 136-1 롯데리아
웅장상회 광안리점,음식점,별점 없음,360,0,부산 수영구 광안해변로 145 4동 1층 103호
소담곳,음식점,별점 없음,226,0,부산 수영구 남천바다로22번길 28 2층
모어샌드위치 광안남천점,음식점,별점 없음,99,0,부산 수영구 광남로 61-1 1층
임실치즈쌀피자,음식점,별점 없음,131,0,부산 수영구 남천바다로 23
타코형 타코야끼전문점 대연점,음식점,별점 없음,3,0,부산 남구 석포로 105 1(일부)층 (대연동)
홍루이젠 남천점,음식점,별점 없음,149,0,부산 수영구 남천바다로 14 홍루이젠 남천점
청년피자 용호감만점,음식점,별점 없음,99,0,부산 남구 용호로123번길 5
왈츠,음식점,별점 없음,6,0,부산 수영구 광안해변로 153 3층
하이스트 광안하운드점,음식점,별점 없음,0,0,부산 수영구 남천바다로33번길 12
피자에땅,음식점,별점 없음,5,0,부산 수영구 남천2동
신전떡볶이 대연점,음식점,별점 없음,"1,286",0,부산 남구 용소로 28
이삭토스트 부경대점,음식점,별점 없음,816,0,"부산 남구 용소로 28 1층 일부호(대연동, 금산빌딩)"
경성 즉석떡볶이,음식점,별점 없음,1,0,부산 남구 수영로 305 스파크
폰가게떡볶이,음식점,별점 없음,0,0,부산 남구 수영로 345 115동 104호
소소떡볶이 부산직영점,음식점,별점 없음,38,0,부산 수영구 황령대로489번길 14 1동 108호
남천할매집,음식점,3.87,959,0,부산 수영구 황령대로489번길 33-6 1층
천수양분식,음식점,별점 없음,61,0,부산 남구 수영로293번길 32
치즈앤포테이토,음식점,별점 없음,12,0,부산 남구 수영로293번길 30-6 1층 일부
고봉김밥 대남점,음식점,별점 없음,103,0,부산 수영구 수영로384번길 19 남천파크상가 6호
야무진한끼,음식점,별점 없음,161,0,부산 남구 수영로250번길 32 야무진한끼
틈새라면 부경대점,음식점,4.7,361,0,부산 남구 용소로21번길 27 2층
호마루떡볶이 대연점,음식점,별점 없음,3,0,부산 남구 유엔로215번길 37
애플꼬마김밥 남천점,음식점,별점 없음,409,0,부산 수영구 수영로384번길 14 1층
김밥담다,음식점,별점 없음,255,0,부산 남구 수영로 261 1층 김밥담다(대연역 버스정류장 앞)
명빈충무김밥 대연점,음식점,별점 없음,102,0,부산 남구 못골로 50
신재떡볶이앤불오뎅,음식점,별점 없음,38,0,부산 남구 못골로 48 신재떡볶이엔불오뎅
먹고또먹고,음식점,별점 없음,5,0,부산 남구 못골번영로 60
포섬 동명대학교점,음식점,별점 없음,0,0,부산 남구 신선로 428 동명대학교
고봉민김밥인 부산남천점,음식점,별점 없음,947,0,부산 수영구 광남로48번길 5
고봉민김밥인 부산대연점,음식점,별점 없음,"1,330",0,부산 남구 못골로41번길 6
진지와찬,음식점,별점 없음,39,0,부산 남구 못골로 46-1 1층
바로튀김,음식점,별점 없음,149,0,부산 수영구 수영로464번길 24
신촌깻잎떡볶이 광안점,음식점,별점 없음,94,0,부산 수영구 남천바다로33번길 22 1층 신촌깻잎떡볶이
애기김밥 남천점,음식점,별점 없음,14,0,부산 수영구 수영로464번길 25
압구정김밥 남천점,음식점,별점 없음,85,0,부산 수영구 남천동로108번길 34
다은이김밥,음식점,별점 없음,36,0,부산 남구 유엔평화로 162
보글보글,음식점,별점 없음,0,0,부산 수영구 광남로48번길 29
바로손만두,음식점,별점 없음,2,0,부산 남구 용호로109번길 3
이기대토스트,음식점,별점 없음,19,0,부산 남구 용호로97번길 23
부산분식,음식점,별점 없음,2,0,부산 남구 동명로 107
김가네 대연파크푸르지오점,음식점,별점 없음,293,0,부산 남구 홍곡로 360 상가 401동 203호
우리엄마충무김밥,음식점,별점 없음,8,0,부산 수영구 남천바다로 16
신호등분식,음식점,별점 없음,0,0,부산 남구 석포로 57
일미분식,음식점,별점 없음,9,0,부산 남구 석포로 55-2
달봉이떡볶이,음식점,별점 없음,0,0,부산 남구 석포로 58 1층
달봉이네분식,음식점,별점 없음,3,0,부산 남구 석포로 58
완벌집 경성대본점,음식점,4.86,"7,747",0,부산 남구 용소로13번길 36 2층
우시,음식점,별점 없음,145,0,부산 남구 유엔평화로41번길 7
영진돼지국밥,음식점,별점 없음,"1,973",0,부산 남구 수영로346번길 18 1층
서울깍두기 대연본점,음식점,별점 없음,251,0,부산 남구 못골로 101 1층
고덕사,음식점,별점 없음,176,0,부산 수영구 황령대로489번길 14
풍년곱창,음식점,별점 없음,"2,361",0,부산 남구 용소로28번길 22-1
황금대패,음식점,별점 없음,149,0,부산 수영구 황령대로 483-3 1층
마을회관,음식점,별점 없음,331,0,부산 남구 황령대로492번길 32
닭발먹은새우 직영본점,음식점,4.85,893,0,부산 남구 수영로346번길 12 닭발먹은새우 직영본점
수미식당,음식점,별점 없음,368,0,부산 남구 용소로 56-1 1층수미식당
이가네명인갈비살 부산대연점,음식점,별점 없음,475,0,부산 남구 수영로266번길 5 1층
정성식당,음식점,별점 없음,592,0,부산 남구 용소로7번길 37 이정란헤어모드
양돈산업,음식점,별점 없음,802,0,부산 수영구 황령대로481번길 17-3 양돈산업
다정한족발 남천점,음식점,별점 없음,206,0,부산 수영구 황령대로489번길 24
홍소족발,음식점,4.36,471,0,부산 남구 용소로13번길 93
고인돌족발,음식점,4.37,191,0,부산 수영구 황령대로473번길 26 1층
정양곱창,음식점,4.66,126,0,부산 수영구 남천동로 103
우연족발 대연동본점,음식점,4.92,344,0,부산 남구 못골로 51 1층 우연족발
한양왕족발,음식점,별점 없음,32,0,부산 남구 용호로106번길 40
청송양곱창,음식점,4.45,865,0,부산 수영구 남천동로108번길 8
미식가의 고기,음식점,별점 없음,465,0,부산 남구 동명로145번길 100
돈오락쪽갈비 대연점,음식점,별점 없음,41,0,부산 남구 유엔로120번길 38 1층
해운대논골집,음식점,4.97,34,0,부산 수영구 남천바다로10번길 70 에이동 105호
족족한날 족발.보쌈,음식점,4.8,81,0,부산 남구 천제등로 59 1층 족족한날
소일창 남천점,음식점,4.63,638,0,부산 수영구 수영로464번길 12 1층
안동찜닭,음식점,별점 없음,32,0,부산 남구 천제등로37번길 1 1층 안동찜닭
다옴,음식점,4.72,"6,898",0,부산 수영구 수영로464번길 9 105~106호
돈오락 쪽갈비,음식점,별점 없음,15,0,부산 남구 유엔로120번길 38 1층
황령산보쌈,음식점,별점 없음,49,0,부산 수영구 황령산로 8
도리신닭도리탕 대연점,음식점,별점 없음,30,0,부산 남구 유엔로 127-2 101호
예반,음식점,별점 없음,201,0,부산 수영구 남천동로108번길 10 1층
하늘소불고기 대연본점,음식점,별점 없음,33,0,부산 남구 유엔로 127 1층
옥탑방두얼간이 대연점,음식점,별점 없음,250,0,부산 남구 용소로13번길 77 1층 옥탑방 두 얼간이
비돈이제돈이 대연점,음식점,별점 없음,40,0,부산 남구 수영로298번길 36
맛있는 보쌈도시락,음식점,별점 없음,0,0,"부산 남구 수영로298번길 21 2층 일부호(대연동, 도네누)"
꾸꾸삼겹 대연직영점,음식점,별점 없음,0,0,부산 남구 수영로266번길 37 106호
홍곳간 남천본점,음식점,별점 없음,"1,445",0,부산 수영구 황령대로489번길 41 1층
계양깐,음식점,별점 없음,948,0,부산 수영구 황령대로481번길 18-12 1층
한우공판장 본점,음식점,별점 없음,920,0,부산 수영구 황령대로489번길 22 1층
콜롬보가든 남천본점,음식점,4.89,"1,385",0,부산 수영구 황령대로489번길 49-1 1층
이솔산오리,음식점,별점 없음,546,0,부산 남구 신선로 499
안동한우갈비,음식점,별점 없음,587,0,부산 수영구 수영로388번길 41 2층
남천 모소리,음식점,별점 없음,"1,440",0,부산 수영구 수영로388번길 25-4 105호
남천돈,음식점,4.56,132,0,부산 수영구 황령대로489번길 14 대성상가
삼부자황제갈비살,음식점,4.58,"1,410",0,부산 남구 유엔로169번길 97 1층 삼부자황제갈비살
꼬목살 남천점,음식점,별점 없음,269,0,부산 수영구 황령대로481번길 48 1층
정원양곱창,음식점,별점 없음,170,0,부산 수영구 황령대로481번길 18 1층
잘돼지참숯갈비 남천점,음식점,별점 없음,274,0,부산 수영구 황령대로481번길 53
족스토리,음식점,별점 없음,4,4,부산 남구 대연동 110-1
남천동 한우야,음식점,4.86,585,0,부산 수영구 황령대로481번길 52 정동상가1 층
꽃돼지,음식점,4.95,98,0,부산 남구 유엔평화로9번길 53 1층 꽃돼지
대연소담한 제주대패삼겹살,음식점,별점 없음,"1,413",0,부산 남구 수영로250번길 2
전남친순대 남천점,음식점,별점 없음,18,0,부산 수영구 수영로384번길 19 상가 11호
영남식육식당 남천본점,음식점,별점 없음,"1,416",0,부산 수영구 황령대로489번길 61 영남식육식당 남천본점
오빠막창 남구점,음식점,별점 없음,36,0,부산 남구 수영로250번길 45-24 1층 오빠막창 남구점
이우철 한방누룽지 삼계탕 대연점,음식점,4.76,608,0,부산 남구 유엔로 216 1층 이우철삼계탕 대연점
장생포고래등,음식점,별점 없음,47,0,부산 수영구 수영로384번길 7 파크 상가-2
호세야오리바베큐 남구점,음식점,별점 없음,15,0,부산 남구 유엔평화로17번길 87
남천참숯갈비,음식점,별점 없음,0,0,부산 수영구 수영로 379
로스구이집,음식점,4.72,658,0,부산 남구 신선로 566 GS하이츠자이 401동 1층 122호
진상 W스퀘어점,음식점,별점 없음,370,0,부산 남구 분포로 145 W상가 B동 1035호
오복갈비,음식점,별점 없음,75,0,부산 남구 유엔평화로9번길 13
청담족발앤국밥,음식점,별점 없음,5,0,부산 남구 분포로 115 B동 102호
대연 참숯불구이,음식점,별점 없음,15,0,부산 남구 못골로 93 1층 대연 참 숯불구이
고기대학,음식점,별점 없음,0,0,부산 남구 못골로 97-11 고기대학
대패마켙 부산대연점,음식점,4.91,"3,979",0,부산 남구 수영로 222 1층
환영생오리,음식점,별점 없음,211,0,부산 남구 수영로 237 102호
미식가의구이&샤브 대연직영점,음식점,별점 없음,232,0,부산 남구 수영로 227 2층
후발대 대연점,음식점,4.91,166,0,부산 남구 유엔평화로 3 1층 후발대 대연점
부산남양토담오리,음식점,별점 없음,263,0,부산 남구 유엔평화로17번길 12-12
푸주인 대연역점,음식점,4.92,919,0,부산 남구 유엔평화로14번길 7 1층 103호
합천양곱창,음식점,4.59,774,0,부산 남구 유엔평화로13번길 11 1층 합천양곱창
징기스 대연점,음식점,4.7,"2,328",0,부산 남구 유엔평화로13번길 4-9 1층
미진축산 대연점,음식점,별점 없음,"1,005",0,부산 남구 유엔평화로 20 1층 미진축산 대연점
냉삼회관 부산대연점,음식점,4.83,274,0,부산 남구 유엔평화로14번길 4 1층 101호
양산박,음식점,별점 없음,"1,126",0,부산 남구 못골로 75
문현곱창,음식점,별점 없음,138,0,부산 남구 못골로 91-13
이가국밥 대연점,음식점,4.57,323,0,부산 남구 진남로 10 1층 이가국밥 대연점
또근이찜닭 남천점,음식점,별점 없음,5,0,부산 수영구 수영로408번길 65 상가동 1층 8호
남천육회상회,음식점,4.87,"1,885",0,부산 수영구 광남로10번길 2 1층
명륜진사갈비 부산대연점,음식점,4.74,"1,737",0,부산 남구 수영로 224 1층
유가네닭갈비 대연점,음식점,4.81,"4,901",0,부산 남구 유엔평화로 8 2층 유가네닭갈비 대연점
화화돼지왕갈비 부산대연점,음식점,별점 없음,807,0,부산 남구 유엔평화로 32 2층 화화돼지왕갈비 대연점
쌍둥이돼지국밥 대연점,음식점,별점 없음,"1,386",0,부산 남구 유엔평화로 16 1층
화덕훈제오리&통삼겹&호랑이갈비찜 남천점,음식점,별점 없음,37,0,부산 수영구 남천동로 33 501동 G12호
대연모소리,음식점,별점 없음,"1,160",0,부산 남구 못골로 74 1층
정육명가우애돈 남천점,음식점,별점 없음,137,0,부산 수영구 남천동로 30
꿈꾸는황소,음식점,4.32,273,0,부산 남구 유엔평화로 21 민제빌딩
엉터리 무한대패 대연점,음식점,별점 없음,52,0,부산 남구 유엔평화로 39 1층
맛찬들왕소금구이 대연점,음식점,4.47,"2,337",0,부산 남구 유엔평화로 36 1층
유가네닭갈비 부산남천점,음식점,별점 없음,368,0,부산 수영구 남천동로9번길 4 유가네닭갈비 부산남천점
용호대패,음식점,별점 없음,12,0,부산 남구 용호로 48 1층
까치솥뚜껑닭도리 대연점,음식점,별점 없음,945,0,부산 남구 유엔로 143 1층
소플러스 이기대점,음식점,4.78,"1,097",0,부산 남구 용호로 80 소플러스 이기대점
공원칼국수,음식점,별점 없음,"6,225",0,부산 남구 유엔평화로 110
요달의찜닭&내가닭도리탕이다 용호점,음식점,별점 없음,77,0,부산 남구 용호로106번길 58 1층 요달의찜닭&내가닭도리탕이다 용호점
식당3선 용호점,음식점,별점 없음,"3,100",0,부산 남구 용호로 91 휴렉스 1층 103호
돌돌집,음식점,4.94,695,0,부산 수영구 수영로464번길 8 1층
고기굽는남자 광안리점,음식점,4.85,"4,808",0,부산 수영구 광남로 44 1층 고기굽는남자 광안리점
낙원조개오리,음식점,별점 없음,76,0,부산 남구 용호로76번길 25-7
담가화로구이 대연점,음식점,별점 없음,457,0,부산 남구 수영로 192 1층
광안리 언양불고기원조집,음식점,별점 없음,78,0,부산 수영구 남천동로108번길 14 2층
못골갈비,음식점,별점 없음,579,0,부산 남구 유엔평화로4번길 77-8
대연생삼겹,음식점,4.79,174,0,부산 남구 유엔로 126 대연생삼겹
해시 대연점,음식점,별점 없음,2,0,부산 남구 못골번영로40번길 8
장수녹차숯불갈비,음식점,별점 없음,5,0,부산 남구 진남로36번길 101
장수맛족발,음식점,별점 없음,301,0,부산 남구 못골로 59-3
우리영양탕삼계탕,음식점,별점 없음,51,0,부산 남구 유엔평화로4번길 51 동경시티빌라101호
가연장미역국 정찬광안점,음식점,별점 없음,579,0,부산 수영구 남천바다로10번길 69
부산돼지국밥,음식점,별점 없음,593,0,부산 수영구 남천동로 107 소천빌딩
이조갈비,음식점,별점 없음,"1,255",0,부산 남구 수영로 185 1층
전남친순대 못골시장점,음식점,별점 없음,8,0,"부산 남구 못골로 56 1층 97호, 98호"
부막숯불닭갈비 대연점,음식점,4.85,"1,736",0,부산 남구 유엔평화로4번길 85 1층
육식사관학교 부산대연점,음식점,별점 없음,5,0,부산 남구 못골번영로 15-28 1층
엄나무녹두삼계탕,음식점,별점 없음,0,0,부산 남구 천제등로37번길 1
수양숯불갈비,음식점,4.66,83,0,부산 남구 수영로196번길 6 1층
시멘트136,음식점,별점 없음,87,0,부산 남구 용호로 136 2층 시멘트136
곱창119 경성대부경대점,음식점,4.9,"2,737",0,부산 남구 용소로7번길 64 2층
만만닭강정 본점,음식점,4.91,"2,422",0,부산 남구 수영로322번길 22 1층
청도치킨,음식점,별점 없음,504,0,부산 남구 용소로8번길 42 1층
한솥도시락 부경대점,음식점,별점 없음,467,0,부산 남구 용소로 48
써브웨이 경성대점,음식점,별점 없음,"1,071",0,부산 남구 수영로 297 대영빌딩 1층
뉴리틀인디아 앤 네팔,음식점,별점 없음,1,0,부산 남구 수영로322번길 19 2층 뉴리틀인디아 앤 네팔
국제닭강정&새우강정 경성대부경대점,음식점,별점 없음,5,0,부산 남구 수영로322번길 51
노랑통닭 대연성당점,음식점,별점 없음,0,0,부산 남구 수영로266번길 67 1층
맘스터치 경성대점,음식점,별점 없음,694,0,부산 남구 수영로 313
구구닭촌경성대점,음식점,별점 없음,19,0,부산 남구 수영로346번길 20
정성숯불두마리치킨 대연점,음식점,별점 없음,1,0,부산 남구
떴다파닭 경성대점,음식점,별점 없음,20,0,부산 남구 수영로266번길 117
처갓집양념치킨 경성부경대점,음식점,별점 없음,1,0,부산 남구 수영로266번길 108 1층 (대연동)
대찬 두 마리 파닭,음식점,별점 없음,2,0,부산 남구 수영로346번길 20
치토피아,음식점,별점 없음,3,0,부산 남구 용소로13번길 41-1 (대연동)
야식한 밤에 치떡,음식점,별점 없음,12,0,부산 남구 용소로7번길 9
닭장을 나온 암탉,음식점,별점 없음,1,1,부산 남구 용소로7번길 15
찹쌀로 만든 조시치킨 부산 경성대점,음식점,별점 없음,30,0,부산 남구 용소로7번길 15
치킨과요리의 만남 대연점,음식점,별점 없음,2,0,부산 남구 용소로19번길 34
파닭일번지,음식점,별점 없음,224,0,부산 남구 용소로13번길 104
노마진두마리치킨 대연점,음식점,별점 없음,2,0,부산 남구 수영로266번길 40 1층1호
놀라버린파닭,음식점,별점 없음,2,0,부산 남구 용소로13번길 104
가마치통닭 경성대점,음식점,4.42,248,0,부산 남구 수영로266번길 21 103호
쌀통닭 대연혁신점,음식점,별점 없음,332,0,"부산 남구 수영로 345 115동 102호(대연동, 대연힐스테이트푸르지오)"
대연통닭,음식점,별점 없음,6,0,부산 남구 수영로266번길 26
허브앤솔,음식점,별점 없음,11,0,부산 남구 조각공원로 47
지코바치킨 남천1호점,음식점,별점 없음,72,0,부산 수영구 황령대로489번길 10 대성상가 2동 105호
치킨팩토리,음식점,별점 없음,4,0,부산 남구 조각공원로 47
하도 이자카야,음식점,별점 없음,264,0,부산 수영구 황령대로489번길 21 하도 이자카야
가마치통닭 부산메트로자이점,음식점,별점 없음,333,0,부산 남구 신선로 566
꼬꼬네두마리치킨 부경대점,음식점,별점 없음,6,2,부산 남구 유엔로215번길 37
남썬 치킨 W스퀘어점,음식점,별점 없음,4,0,부산 남구 분포로 145 A동 1층 1074호
노는바다,음식점,4.67,941,0,부산 수영구 황령대로481번길 39 1층
BBQ치킨 용호메트로점,음식점,별점 없음,88,0,부산 남구 신선로 566 401동 1층 110호
자담치킨 부산용호점,음식점,별점 없음,79,0,부산 남구 용호로42번길 14 현대비치아파트 1층 111호
가마치통닭 남천점,음식점,별점 없음,218,0,부산 수영구 남천동로 12
오꾸닭 대연점,음식점,별점 없음,400,0,부산 남구 유엔평화로 18-1
처갓집양념치킨 남천점,음식점,4.46,174,0,부산 수영구 남천동로 7
노랑통닭 동명대평화공원점,음식점,별점 없음,9,0,부산 남구 신선로 462 1층(대연동)
대연오뎅,음식점,별점 없음,57,0,부산 남구 진남로 19 1층
BBQ치킨 부산대연점,음식점,별점 없음,266,0,부산 남구 진남로36번길 2 1층
피오름피자 부산남구점,음식점,별점 없음,4,0,부산 남구 진남로 19
찐숯불치킨,음식점,별점 없음,30,0,부산 남구 못골번영로40번길 45 101호
가마치통닭 부산용호점,음식점,별점 없음,205,0,부산 남구 용호로42번길 34 나동 1호 (용호동 현광빌라 1층)
피나치공 대연점,음식점,별점 없음,298,0,부산 남구 못골번영로46번길 46 상가 1층 피자나라치킨공주 대연점
BHC치킨 대연못골점,음식점,별점 없음,32,0,부산 남구 진남로 51 1층
롯데리아 부산대연점,음식점,4.43,"2,453",0,부산 남구 수영로 200 롯데리아
국제통닭 남천점,음식점,별점 없음,416,0,부산 수영구 남천동로 105
DK 동키치킨 부산대연점,음식점,별점 없음,119,0,부산 남구 수영로196번길 9 1층
불로만숯불바베큐 대연1호점,음식점,별점 없음,96,0,부산 남구 석포로 135
푸라닭 부산용호점,음식점,별점 없음,247,0,부산 남구 용호로90번길 13-3 102호
치킨신드롬 남천하늘채점,음식점,별점 없음,39,0,부산 수영구 남천동로 91 301동 106호
김복남맥주 부산대연점,음식점,별점 없음,19,0,부산 남구 천제등로 42-1 1층
거인통닭,음식점,별점 없음,500,0,부산 남구 수영로 195-5 거인통닭
꾸브라꼬 숯불두마리치킨 대연점,음식점,별점 없음,103,0,부산 남구 유엔평화로4번길 60
2피자1치킨상회 부산남구점,음식점,별점 없음,24,0,부산 남구 못골번영로40번길 8 1(일부)층(대연동)
자담치킨 부산대연점,음식점,별점 없음,185,0,부산 남구 못골번영로 46
고려통닭 부산용당점,음식점,별점 없음,11,0,부산 남구 유엔평화로125번길 4 1층
굽네치킨 용호메트로점,음식점,별점 없음,101,0,부산 남구 용호로90번길 12-4 삼성주택
노랑통닭 대연점,음식점,별점 없음,116,0,부산 남구 수영로208번길 50 1층
60계치킨 부산광안점,음식점,별점 없음,459,0,부산 수영구 남천바다로21번길 6 1층
멕시칸용호점,음식점,별점 없음,2,0,부산 남구 이기대공원로12번길 20
거누광장 경성대점,음식점,별점 없음,151,0,부산 남구 용소로13번길 12 쌍둥이빌딩 2층
BHC치킨 부산대연점,음식점,4.41,300,0,부산 남구 석포로 76
BBQ치킨 부산대연파크점,음식점,별점 없음,37,0,부산 남구 홍곡로 360 상가 401동 108호
교촌치킨 대연3호점,음식점,별점 없음,275,0,부산 남구 석포로 83 1층
남썬 치킨 대연점,음식점,별점 없음,17,0,부산 남구 석포로 104-1 1층(대연동)
처갓집양념치킨 용호점,음식점,4.31,96,0,부산 남구 동명로 121
처갓집양념치킨 대연점,음식점,4.24,33,0,부산 남구 석포로 79
남썬 치킨 대연3호점,음식점,별점 없음,8,0,부산 남구 석포로 104-1 1층(대연동)
본가치킨,음식점,별점 없음,35,0,부산 남구 동명로118번길 2 불로만숯불갈비
사각치킨,음식점,별점 없음,18,0,부산 남구 석포로58번길 5 1층
언양불고기통닭,음식점,별점 없음,2,0,부산 수영구 남천바다로 38-7 1층
on the yard,음식점,4.57,"1,538",0,부산 남구 수영로346번길 23-1 on the yard
청년피자 부산남구점,음식점,별점 없음,144,0,부산 남구 용소로64번길 81
몬스터치즈랩 용호점,음식점,별점 없음,182,0,부산 남구 분포로 61 B동 1 층 131호
APP 앱피자,음식점,별점 없음,4,0,부산 남구 유엔로 197
케이찹사라다 용호점,음식점,별점 없음,342,0,부산 남구 분포로 61 B동 1층 135호
타블도트 부산W스퀘어점,음식점,별점 없음,"2,788",0,부산 남구 분포로 145 W스퀘어 2092호
피자스쿨 부산남천역점,음식점,별점 없음,299,0,부산 수영구 수영로408번길 10 1층
브뤼트피자 대연못골점,음식점,4.89,77,0,부산 남구 진남로 9 1층 브뤼트피자
못골맥주 대연동 본점,음식점,별점 없음,396,0,부산 남구 못골로 90-1 1층
빽보이피자 부산대연점,음식점,별점 없음,0,0,부산 남구 수영로208번길 15 1층 103호
다이닝센 부산본점,음식점,별점 없음,"1,128",0,"부산 남구 용호로 88 3층, 4층"
7번가피자 대연점,음식점,별점 없음,198,0,부산 남구 유엔로 140 1층
피자덕 대연점,음식점,별점 없음,41,0,부산 남구 유엔로 133
토핑몬스터피자 대연점,음식점,별점 없음,2,0,부산 남구 유엔로 131 1층
프레드피자 대연점,음식점,별점 없음,214,0,부산 남구 유엔평화로4번길 60 1층 101호
벤베커 부산광안리점,음식점,별점 없음,"1,987",0,부산 수영구 광남로48번길 25 1층
아일드블루,음식점,4.53,"1,831",0,부산 수영구 광안해변로 125 우진빌딩 3층 아일드블루
"굽네치킨 대연1,4동점",음식점,4.46,146,0,부산 남구 석포로 121 1층 굽네치킨
굽네치킨 대연동점,음식점,별점 없음,2,0,부산 남구 석포로 121
킨키,음식점,4.9,"1,498",0,부산 수영구 남천동로108번길 46 2층 전층
인쌩맥주 부산경성대점,음식점,별점 없음,461,0,부산 남구 용소로13번길 12 1층 인쌩맥주 부산경성대점
동네포차주민 경성대점,음식점,별점 없음,118,0,부산 남구 용소로13번길 17 2층
뎅기피버,음식점,별점 없음,139,0,부산 남구 용소로13번길 31 2층
W 옵스 드마히니,음식점,별점 없음,"1,752",0,부산 남구 분포로 145 스퀘어동 2층 2022호
빕스 부산W스퀘어점,음식점,별점 없음,1,0,부산 남구 분포로 145 A동 2층 2037호
이삭토스트 LG메트로시티점,음식점,별점 없음,340,0,부산 남구 분포로 111 1001동 103호
씨네마맥주 부산 수영구청점,음식점,4.65,267,0,부산 수영구 남천동로9번길 63 1층
우마이크레페,음식점,4.92,747,0,부산 남구 진남로 55 1층 102호
본스치킨 광안리점,음식점,별점 없음,334,0,부산 수영구 광안해변로 159 2층
앙시앙,음식점,별점 없음,"2,126",0,부산 수영구 광남로 77 1층
KFC 경성대부경대,음식점,별점 없음,"3,932",0,부산 남구 수영로 324 리마크빌대연 주상복합 1층
맘스터치 부경대점,음식점,별점 없음,374,0,부산 남구 용소로21번길 62
맘스터치 용호자이점,음식점,4.4,454,0,부산 남구 신선로 566 401동 149호
맘스터치 대연점,음식점,별점 없음,557,0,부산 남구 수영로 239 2층
맥도날드 부산황령DT점,음식점,4.5,"8,259",0,부산 남구 황령대로 374
맥도날드 부산동명대DT점,음식점,별점 없음,"9,124",0,부산 남구 신선로 424 맥도날드 부산 동명대점
태연옥,음식점,별점 없음,31,0,부산 남구 유엔평화로 26 1층 103호
1953형제돼지국밥 광안리점,음식점,4.85,"3,625",0,부산 수영구 남천바다로 17 1층
알천순대곱창전골전문점,음식점,별점 없음,"3,887",0,부산 남구 용소로7번길 88
소각 대연점,음식점,4.89,"5,704",0,부산 남구 유엔평화로 10 1층
전남친순대 용호점,음식점,별점 없음,8,0,부산 남구 분포로 61 1층 116호
시티원그늘집,음식점,별점 없음,9,0,부산 남구 신선로 468 1층
왕언니돼지국밥,음식점,별점 없음,156,0,부산 남구 용호로 66 1층일부
식복 돼지국밥,음식점,별점 없음,617,0,부산 수영구 수영로 468-1
시락국밥 시골집,음식점,별점 없음,7,0,부산 남구 용호로90번길 16
소묵고국밥묵고,음식점,별점 없음,36,0,부산 남구 천제등로 29
청화백돼지국밥 광안리본점,음식점,4.8,"3,961",0,부산 수영구 남천바다로 18 1층 101호
이기대돼지국밥,음식점,별점 없음,268,0,부산 남구 용호로 98 은하모텔
남천정원식당,음식점,4.39,909,0,부산 수영구 남천바다로10번길 41
한우소머리국밥,음식점,별점 없음,2,0,부산 남구 용호로110번길 31
달인국밥,음식점,별점 없음,29,0,부산 남구 유엔로 124 1층
2인분 봉지국밥,음식점,별점 없음,2,0,부산 남구 유엔로120번길 17
기장첫냉면 광안리본점,음식점,별점 없음,730,0,부산 수영구 남천바다로 18 1층 102호
소머리곰탕선지국밥,음식점,별점 없음,1,0,부산 남구 석포로117번길 10
THE순대,음식점,별점 없음,0,0,부산 남구 동명로145번길 92
진주돼지국밥,음식점,별점 없음,6,0,부산 남구 석포로127번길 93
국제시장국밥대연점,음식점,별점 없음,24,0,부산 남구 석포로127번길 93
시장통칼국수,음식점,별점 없음,537,0,부산 남구 수영로219번길 26
온기한잔,음식점,4.95,158,0,부산 남구 용소로8번길 50 1층 온기한잔
동백,음식점,4.89,957,0,"부산 남구 용소로19번길 19 1층 102호, 103호"
올바로갈비 경성대부경대점,음식점,4.86,"1,056",0,부산 남구 용소로13번길 42 1층
문화골목 노가다,음식점,별점 없음,173,0,부산 남구 용소로13번길 38-1 문화골목 2층
천탁 본점,음식점,별점 없음,540,0,부산 남구 용소로8번길 46 천탁
구도로통닭 부산경성대점,음식점,별점 없음,576,0,부산 남구 수영로322번길 18 1층
