가게 이름,예상 도보시간(분),보행 거리(m),가장 가까운 거점,대분류 업종,검색 카테고리,도로명 주소,지번 주소,가게 ID,상세페이지 URL
할리스 국립부경대청운관점,1,95,학교 중앙,카페,카페,부산 남구 용소로 45,부산 남구 대연동 430-1,1053877717,http://place.map.kakao.com/1053877717
타보로,3,210,학교 중앙,카페,카페,부산 남구 용소로 45,부산 남구 대연동 430-1,1584060565,http://place.map.kakao.com/1584060565
카페파라다이스,4,236,정문 인근,카페,카페,부산 남구 용소로 45,부산 남구 대연동 430-1,2118477101,http://place.map.kakao.com/2118477101
엘브리또,4,283,쪽문/경성대역 인근,음식점,양식,부산 남구 용소로21번길 56,부산 남구 대연동 459,26917124,http://place.map.kakao.com/26917124
더크로와상,4,283,쪽문/경성대역 인근,음식점,맛집,부산 남구 용소로21번길 56,부산 남구 대연동 459-4,1562779929,http://place.map.kakao.com/1562779929
라일락식당,4,285,학교 중앙,음식점,한식,부산 남구 용소로 45,부산 남구 대연동 430-1,901558105,http://place.map.kakao.com/901558105
라신당마라탕 부경대경성대점,4,287,쪽문/경성대역 인근,음식점,중식,부산 남구 용소로21번길 56,부산 남구 대연동 459,1908057480,http://place.map.kakao.com/1908057480
유동커피 부경대점,4,291,쪽문/경성대역 인근,카페,카페,부산 남구 용소로21번길 56,부산 남구 대연동 459,1859706851,http://place.map.kakao.com/1859706851
맘스터치 신부경대점,5,305,쪽문/경성대역 인근,음식점,맛집,부산 남구 용소로21번길 62,부산 남구 대연동 458-5,15669705,http://place.map.kakao.com/15669705
나야한식당,5,306,쪽문/경성대역 인근,음식점,한식,부산 남구 용소로21번길 47,부산 남구 대연동 50-84,1491885708,http://place.map.kakao.com/1491885708
샤브로21 부경대점,5,308,쪽문/경성대역 인근,음식점,맛집,부산 남구 용소로21번길 62,부산 남구 대연동 458-5,734854263,http://place.map.kakao.com/734854263
카페051 부경대학교점,5,309,쪽문/경성대역 인근,카페,카페,부산 남구 용소로21번길 45,부산 남구 대연동 50-86,1185691927,http://place.map.kakao.com/1185691927
세영식품,5,313,후문/드림타워 인근,음식점,맛집,부산 남구 용소로 45,부산 남구 대연동 599-1,1392156474,http://place.map.kakao.com/1392156474
요거스빈 부경대본점,5,316,쪽문/경성대역 인근,카페,카페,부산 남구 수영로334번길 60,부산 남구 대연동 50-50,994771197,http://place.map.kakao.com/994771197
봉수아피자 부산남구1호점,5,317,쪽문/경성대역 인근,음식점,피자,부산 남구 용소로21번길 43,부산 남구 대연동 50-89,224887449,http://place.map.kakao.com/224887449
밥잘하는남자,5,318,쪽문/경성대역 인근,음식점,한식,부산 남구 용소로21번길 43,부산 남구 대연동 50-89,24635192,http://place.map.kakao.com/24635192
카페이정원,5,318,쪽문/경성대역 인근,카페,카페,부산 남구 용소로21번길 59,부산 남구 대연동 50-51,67913958,http://place.map.kakao.com/67913958
면식당 부산부경대점,5,319,쪽문/경성대역 인근,음식점,일식,부산 남구 용소로21번길 66,부산 남구 대연동 458-2,1263179846,http://place.map.kakao.com/1263179846
미국할매,5,324,쪽문/경성대역 인근,음식점,양식,부산 남구 용소로21번길 45-1,부산 남구 대연동 50-8,777338638,http://place.map.kakao.com/777338638
음,5,324,쪽문/경성대역 인근,음식점,양식,부산 남구 용소로21번길 41,부산 남구 대연동 50-91,206429644,http://place.map.kakao.com/206429644
신이내린닭발,5,324,쪽문/경성대역 인근,음식점,고기,부산 남구 용소로21번길 41,부산 남구 대연동 50-91,1001560486,http://place.map.kakao.com/1001560486
널,5,324,쪽문/경성대역 인근,음식점,양식,부산 남구 용소로21번길 41,부산 남구 대연동 50-91,1553676067,http://place.map.kakao.com/1553676067
건강한재단,5,327,후문/드림타워 인근,음식점,맛집,부산 남구 용소로 45,부산 남구 대연동 430-1,1386014,http://place.map.kakao.com/1386014
스윗앤샷 부경대점,5,327,후문/드림타워 인근,카페,카페,부산 남구 용소로 45,부산 남구 대연동 430-1,804707103,http://place.map.kakao.com/804707103
그라찌에 부경대행복기숙사점,5,329,후문/드림타워 인근,카페,카페,부산 남구 용소로 45,부산 남구 대연동 430-1,1665050321,http://place.map.kakao.com/1665050321
천탁 부경대점,5,330,쪽문/경성대역 인근,음식점,맛집,부산 남구 용소로21번길 61,부산 남구 대연동 43-57,1179505501,http://place.map.kakao.com/1179505501
코코노카,5,330,쪽문/경성대역 인근,음식점,일식,부산 남구 수영로334번길 56-1,부산 남구 대연동 50-47,1624809693,http://place.map.kakao.com/1624809693
쌈마이닭쌈밥 대연점,5,330,쪽문/경성대역 인근,음식점,고기,부산 남구 용소로21번길 43-1,부산 남구 대연동 50-88,1226128884,http://place.map.kakao.com/1226128884
오츠,5,331,쪽문/경성대역 인근,음식점,일식,부산 남구 수영로334번길 56-7,부산 남구 대연동 50-49,1812390088,http://place.map.kakao.com/1812390088
요기,5,332,쪽문/경성대역 인근,카페,카페,부산 남구 수영로334번길 56-3,부산 남구 대연동 50-48,1426474023,http://place.map.kakao.com/1426474023
버텍스 경성대부경대점,5,335,쪽문/경성대역 인근,음식점,맛집,부산 남구 수영로334번길 56-3,부산 남구 대연동 50-48,770170270,http://place.map.kakao.com/770170270
모퉁이,5,338,쪽문/경성대역 인근,음식점,분식,부산 남구 용소로21번길 68,부산 남구 대연동 455-28,1347135357,http://place.map.kakao.com/1347135357
부리부리브리또 부경대점,5,338,쪽문/경성대역 인근,음식점,양식,부산 남구 용소로21번길 68,부산 남구 대연동 455-28,1634366737,http://place.map.kakao.com/1634366737
피자베이 남구수영점,5,339,쪽문/경성대역 인근,음식점,피자,부산 남구 용소로21번길 37,부산 남구 대연동 50-32,399991154,http://place.map.kakao.com/399991154
은화수식당 경성대점,5,342,쪽문/경성대역 인근,음식점,일식,부산 남구 용소로21번길 39-1,부산 남구 대연동 50-11,25975652,http://place.map.kakao.com/25975652
곁집,5,342,쪽문/경성대역 인근,음식점,한식,부산 남구 용소로21번길 39-1,부산 남구 대연동 50-11,27366379,http://place.map.kakao.com/27366379
원조뚱땡이김치찌개,5,346,쪽문/경성대역 인근,음식점,한식,부산 남구 수영로334번길 55,부산 남구 대연동 43-56,525701700,http://place.map.kakao.com/525701700
돈카츠정,5,348,쪽문/경성대역 인근,음식점,일식,부산 남구 수영로334번길 56,부산 남구 대연동 50-45,966200754,http://place.map.kakao.com/966200754
코고미식당,5,348,쪽문/경성대역 인근,음식점,일식,부산 남구 수영로334번길 56-6,부산 남구 대연동 50-44,80298362,http://place.map.kakao.com/80298362
빽다방 부산부경대점,5,356,쪽문/경성대역 인근,카페,카페,부산 남구 수영로334번길 53,부산 남구 대연동 43-55,299792462,http://place.map.kakao.com/299792462
빡벳 부경대점,5,356,쪽문/경성대역 인근,카페,카페,부산 남구 수영로334번길 53,부산 남구 대연동 43-55,1475426225,http://place.map.kakao.com/1475426225
샤브보트 부경대점,5,360,쪽문/경성대역 인근,음식점,맛집,부산 남구 용소로21번길 71,부산 남구 대연동 43-53,447826471,http://place.map.kakao.com/447826471
캔 엄마식당,5,363,쪽문/경성대역 인근,음식점,맛집,부산 남구 수영로334번길 52-3,부산 남구 대연동 50-75,1783959582,http://place.map.kakao.com/1783959582
국제닭강정 경성대부경대점,5,363,쪽문/경성대역 인근,음식점,치킨,부산 남구 수영로322번길 51,부산 남구 대연동 50-78,1173434827,http://place.map.kakao.com/1173434827
하이와플,5,364,쪽문/경성대역 인근,음식점,맛집,부산 남구 수영로334번길 52-1,부산 남구 대연동 50-38,52024538,http://place.map.kakao.com/52024538
커피로만,5,364,쪽문/경성대역 인근,카페,카페,부산 남구 수영로334번길 52-1,부산 남구 대연동 50,1488710210,http://place.map.kakao.com/1488710210
틈새라면 부경대점,5,367,쪽문/경성대역 인근,음식점,분식,부산 남구 용소로21번길 27,부산 남구 대연동 60-55,27365982,http://place.map.kakao.com/27365982
지지고 경성부경대점,5,368,쪽문/경성대역 인근,음식점,맛집,부산 남구 용소로21번길 27,부산 남구 대연동 60-55,1344034494,http://place.map.kakao.com/1344034494
태봉곱창 부경대본점,5,368,쪽문/경성대역 인근,음식점,고기,부산 남구 용소로21번길 27,부산 남구 대연동 60-55,714134933,http://place.map.kakao.com/714134933
오버베이글,6,369,쪽문/경성대역 인근,음식점,맛집,부산 남구 수영로334번길 51,부산 남구 대연동 43-51,1875490687,http://place.map.kakao.com/1875490687
1잔,6,369,쪽문/경성대역 인근,카페,카페,부산 남구 수영로334번길 51,부산 남구 대연동 43-51,906468186,http://place.map.kakao.com/906468186
사이노 1호점,6,371,쪽문/경성대역 인근,음식점,한식,부산 남구 수영로322번길 50,부산 남구 대연동 60-53,1127104210,http://place.map.kakao.com/1127104210
정직유부 본점,6,372,쪽문/경성대역 인근,음식점,일식,부산 남구 용소로21번길 75-1,부산 남구 대연동 43-26,1357265318,http://place.map.kakao.com/1357265318
웨이드바,6,373,쪽문/경성대역 인근,음식점,맛집,부산 남구 황령대로492번길 66,부산 남구 대연동 455-11,1701836909,http://place.map.kakao.com/1701836909
육연탕,6,373,쪽문/경성대역 인근,음식점,맛집,부산 남구 수영로322번길 50,부산 남구 대연동 60-53,61055215,http://place.map.kakao.com/61055215
758버거,6,374,쪽문/경성대역 인근,음식점,햄버거,부산 남구 용소로21번길 75-1,부산 남구 대연동 43-26,1873997838,http://place.map.kakao.com/1873997838
웨스트사이드,6,376,쪽문/경성대역 인근,카페,카페,부산 남구 수영로322번길 49-5,부산 남구 대연동 50-20,228460950,http://place.map.kakao.com/228460950
오일리 경성대본점,6,378,쪽문/경성대역 인근,음식점,양식,부산 남구 수영로322번길 49-3,부산 남구 대연동 50-19,1553543894,http://place.map.kakao.com/1553543894
필롱,6,378,쪽문/경성대역 인근,카페,카페,부산 남구 수영로322번길 50-1,부산 남구 대연동 60-1,1611933580,http://place.map.kakao.com/1611933580
자스민커피 부경대점,6,379,쪽문/경성대역 인근,카페,카페,부산 남구 수영로322번길 49,부산 남구 대연동 50-30,1630779082,http://place.map.kakao.com/1630779082
슈퍼크리스피 부산대연점,6,380,쪽문/경성대역 인근,음식점,맛집,부산 남구 수영로322번길 49,부산 남구 대연동 50-30,1433802477,http://place.map.kakao.com/1433802477
에그드랍 부산부경대점,6,382,쪽문/경성대역 인근,음식점,맛집,부산 남구 수영로334번길 50,부산 남구 대연동 50-7,89488400,http://place.map.kakao.com/89488400
카페16온스 부경대점,6,382,쪽문/경성대역 인근,카페,카페,부산 남구 수영로334번길 50,부산 남구 대연동 50-7,172113120,http://place.map.kakao.com/172113120
메가MGC커피 부산부경대쪽문점,6,383,쪽문/경성대역 인근,카페,카페,부산 남구 수영로334번길 47-2,부산 남구 대연동 43-50,789222826,http://place.map.kakao.com/789222826
로더,6,390,쪽문/경성대역 인근,카페,카페,부산 남구 용소로21번길 21-2,부산 남구 대연동 60-33,1379750637,http://place.map.kakao.com/1379750637
윌로버케이크,6,395,쪽문/경성대역 인근,음식점,맛집,부산 남구 용소로21번길 75-4,부산 남구 대연동 43-27,767886341,http://place.map.kakao.com/767886341
오빠다방,6,396,쪽문/경성대역 인근,카페,카페,부산 남구 수영로334번길 48,부산 남구 대연동 50-81,24178664,http://place.map.kakao.com/24178664
냥냥키친,6,402,쪽문/경성대역 인근,음식점,분식,부산 남구 용소로21번길 79,부산 남구 대연동 43-46,1799791449,http://place.map.kakao.com/1799791449
빙수당 부경대점 부경대점,6,407,쪽문/경성대역 인근,카페,카페,부산 남구 용소로21번길 19,부산 남구 대연동 60-37,590490778,http://place.map.kakao.com/590490778
BHC치킨 대연경성대점,6,414,쪽문/경성대역 인근,음식점,치킨,부산 남구 수영로322번길 46,부산 남구 대연동 60-3,1148210453,http://place.map.kakao.com/1148210453
버거잇 Burgereat,6,414,쪽문/경성대역 인근,음식점,햄버거,부산 남구 수영로322번길 46,부산 남구 대연동 60-3,1042468419,http://place.map.kakao.com/1042468419
다다키친,6,419,쪽문/경성대역 인근,음식점,한식,부산 남구 용소로21번길 83,부산 남구 대연동 43-43,1475867244,http://place.map.kakao.com/1475867244
냉정포차3 부경대점,6,424,쪽문/경성대역 인근,음식점,맛집,부산 남구 용소로19번길 38,부산 남구 대연동 50-4,1377329451,http://place.map.kakao.com/1377329451
본죽&비빔밥cafe 부산부경대경성대점,6,427,후문/드림타워 인근,음식점,한식,부산 남구 용소로 46-1,부산 남구 대연동 540-5,13025674,http://place.map.kakao.com/13025674
마라순코우마라탕 대연점,6,427,후문/드림타워 인근,음식점,중식,부산 남구 용소로 42-1,부산 남구 대연동 518,845406006,http://place.map.kakao.com/845406006
스몰굿커피 부경대점,6,427,쪽문/경성대역 인근,카페,카페,부산 남구 용소로21번길 15-1,부산 남구 대연동 60-38,1858698605,http://place.map.kakao.com/1858698605
미분당 대연점,6,428,쪽문/경성대역 인근,음식점,맛집,부산 남구 용소로19번길 34,부산 남구 대연동 50-63,642825196,http://place.map.kakao.com/642825196
OL55,6,428,쪽문/경성대역 인근,음식점,피자,부산 남구 용소로19번길 26,부산 남구 대연동 60-4,545043871,http://place.map.kakao.com/545043871
신떡 경성대점,6,429,쪽문/경성대역 인근,음식점,분식,부산 남구 용소로19번길 38,부산 남구 대연동 50-4,745991178,http://place.map.kakao.com/745991178
한솥도시락 부경대점,6,431,후문/드림타워 인근,음식점,맛집,부산 남구 용소로 48,부산 남구 대연동 539-15,8140688,http://place.map.kakao.com/8140688
우삼면,6,431,쪽문/경성대역 인근,음식점,한식,부산 남구 용소로 38-1,부산 남구 대연동 496-4,1508563080,http://place.map.kakao.com/1508563080
CAFEIN 설탕숲,6,431,후문/드림타워 인근,카페,카페,부산 남구 용소로 50,부산 남구 대연동 539-16,1968274555,http://place.map.kakao.com/1968274555
하삼동커피 부경대점,6,434,후문/드림타워 인근,카페,카페,부산 남구 용소로 42-1,부산 남구 대연동 518,2132180585,http://place.map.kakao.com/2132180585
애착,7,437,쪽문/경성대역 인근,음식점,맛집,부산 남구 용소로19번길 22,부산 남구 대연동 60-5,795044905,http://place.map.kakao.com/795044905
직감,7,437,쪽문/경성대역 인근,음식점,맛집,부산 남구 용소로19번길 22,부산 남구 대연동 60-5,500354975,http://place.map.kakao.com/500354975
모먼트케이크,7,438,쪽문/경성대역 인근,음식점,맛집,부산 남구 용소로19번길 22,부산 남구 대연동 60-5,1880638577,http://place.map.kakao.com/1880638577
중남해,7,440,후문/드림타워 인근,음식점,중식,부산 남구 용소로 42,부산 남구 대연동 513-7,16752350,http://place.map.kakao.com/16752350
키위,7,441,쪽문/경성대역 인근,음식점,맛집,부산 남구 수영로346번길 46,부산 남구 대연동 43-2,923754685,http://place.map.kakao.com/923754685
퍼니비어 경성대점,7,443,쪽문/경성대역 인근,음식점,맛집,부산 남구 용소로19번길 20,부산 남구 대연동 60-6,27587428,http://place.map.kakao.com/27587428
돈카츠 유마,7,448,후문/드림타워 인근,음식점,일식,부산 남구 용소로 56,부산 남구 대연동 537-5,355834849,http://place.map.kakao.com/355834849
갱갱덮밥 경성대부경대점,7,448,후문/드림타워 인근,음식점,일식,부산 남구 용소로 56,부산 남구 대연동 537-5,525223340,http://place.map.kakao.com/525223340
오디오디,7,448,쪽문/경성대역 인근,카페,카페,부산 남구 용소로 34,부산 남구 대연동 501-6,543697639,http://place.map.kakao.com/543697639
라쿠다,7,450,쪽문/경성대역 인근,음식점,일식,부산 남구 용소로19번길 68,부산 남구 대연동 43-64,1619571787,http://place.map.kakao.com/1619571787
백소정 경성대부경대점,7,450,쪽문/경성대역 인근,음식점,일식,부산 남구 용소로19번길 35,부산 남구 대연동 52-11,1003695864,http://place.map.kakao.com/1003695864
미효공방 경성대점,7,451,쪽문/경성대역 인근,음식점,맛집,부산 남구 용소로19번길 41,부산 남구 대연동 52-14,1739936311,http://place.map.kakao.com/1739936311
수미식당,7,451,후문/드림타워 인근,음식점,한식,부산 남구 용소로 56-1,부산 남구 대연동 537-21,16216708,http://place.map.kakao.com/16216708
TMT피자 부산대연점,7,451,후문/드림타워 인근,음식점,피자,부산 남구 용소로46번길 6,부산 남구 대연동 540-2,1259202439,http://place.map.kakao.com/1259202439
별다른돈까스,7,452,쪽문/경성대역 인근,음식점,양식,부산 남구 용소로21번길 91,부산 남구 대연동 32-17,1985988770,http://place.map.kakao.com/1985988770
겐야돈부리&스시,7,452,쪽문/경성대역 인근,음식점,일식,부산 남구 용소로21번길 91,부산 남구 대연동 32-17,66218476,http://place.map.kakao.com/66218476
지교,7,452,쪽문/경성대역 인근,음식점,중식,부산 남구 수영로346번길 44,부산 남구 대연동 43-60,1411823090,http://place.map.kakao.com/1411823090
비긴에스프레소,7,452,후문/드림타워 인근,카페,카페,부산 남구 용소로40번길 5,부산 남구 대연동 503,1915537274,http://place.map.kakao.com/1915537274
이모네포차,7,454,후문/드림타워 인근,음식점,맛집,부산 남구 용소로40번길 9,부산 남구 대연동 513-2,16323159,http://place.map.kakao.com/16323159
베트남쌀국수,7,454,쪽문/경성대역 인근,음식점,맛집,부산 남구 용소로40번길 4,부산 남구 대연동 503-2,536296440,http://place.map.kakao.com/536296440
모란주방,7,454,쪽문/경성대역 인근,음식점,한식,부산 남구 용소로40번길 4,부산 남구 대연동 503-2,2076216065,http://place.map.kakao.com/2076216065
아보갤러리,7,454,후문/드림타워 인근,카페,카페,부산 남구 용소로 56-1,부산 남구 대연동 537-21,549771739,http://place.map.kakao.com/549771739
오늘다믄,7,454,쪽문/경성대역 인근,카페,카페,부산 남구 용소로40번길 4,부산 남구 대연동 503-2,754174044,http://place.map.kakao.com/754174044
이디야커피 부산부경대점,7,455,쪽문/경성대역 인근,카페,카페,부산 남구 용소로 30,부산 남구 대연동 427-21,21527986,http://place.map.kakao.com/21527986
커피로만 경성대점,7,457,쪽문/경성대역 인근,카페,카페,부산 남구 수영로322번길 33,부산 남구 대연동 52-8,48725902,http://place.map.kakao.com/48725902
홀릭,7,457,후문/드림타워 인근,카페,카페,부산 남구 용소로 58,부산 남구 대연동 536-6,16014748,http://place.map.kakao.com/16014748
마노 경성대점,7,458,쪽문/경성대역 인근,음식점,맛집,부산 남구 용소로19번길 25,부산 남구 대연동 58-34,1731822858,http://place.map.kakao.com/1731822858
금별맥주 경성대부경대점,7,458,쪽문/경성대역 인근,음식점,맛집,부산 남구 용소로19번길 25,부산 남구 대연동 58-34,270383874,http://place.map.kakao.com/270383874
하우스커피,7,459,쪽문/경성대역 인근,카페,카페,부산 남구 용소로19번길 70,부산 남구 대연동 43-62,2103096390,http://place.map.kakao.com/2103096390
시소,7,461,쪽문/경성대역 인근,음식점,한식,부산 남구 수영로322번길 33,부산 남구 대연동 52-8,2010772602,http://place.map.kakao.com/2010772602
경성맨숀,7,464,쪽문/경성대역 인근,음식점,맛집,부산 남구 용소로21번길 93,부산 남구 대연동 32-16,719330025,http://place.map.kakao.com/719330025
스윗제리,7,464,후문/드림타워 인근,카페,카페,부산 남구 용소로 78,부산 남구 대연동 603-7,438068985,http://place.map.kakao.com/438068985
술적심,7,467,쪽문/경성대역 인근,음식점,맛집,부산 남구 용소로19번길 41-1,부산 남구 대연동 52-13,1060675383,http://place.map.kakao.com/1060675383
동백,7,467,쪽문/경성대역 인근,음식점,맛집,부산 남구 용소로19번길 19,부산 남구 대연동 58-21,1190228363,http://place.map.kakao.com/1190228363
감삼집,7,468,쪽문/경성대역 인근,음식점,한식,부산 남구 수영로322번길 33,부산 남구 대연동 52-8,1222561480,http://place.map.kakao.com/1222561480
묵찌빠,7,473,쪽문/경성대역 인근,음식점,맛집,부산 남구 수영로322번길 32,부산 남구 대연동 58-2,496878544,http://place.map.kakao.com/496878544
카페위드,7,475,쪽문/경성대역 인근,카페,카페,부산 남구 용소로19번길 15,부산 남구 대연동 58-6,1733944595,http://place.map.kakao.com/1733944595
밀머리칼국수냉면쟁이 대연점,7,476,후문/드림타워 인근,음식점,한식,부산 남구 수영로266번길 125,부산 남구 대연동 556-6,908760669,http://place.map.kakao.com/908760669
큰집뼈다귀해장국 돼지국밥,7,479,후문/드림타워 인근,음식점,한식,부산 남구 수영로266번길 132,부산 남구 대연동 558-4,16433673,http://place.map.kakao.com/16433673
텐퍼센트커피 경성대부경대점,7,479,쪽문/경성대역 인근,카페,카페,부산 남구 용소로 21,부산 남구 대연동 60-47,420878691,http://place.map.kakao.com/420878691
노가다,7,481,쪽문/경성대역 인근,음식점,맛집,부산 남구 용소로13번길 38-1,부산 남구 대연동 52-23,18822784,http://place.map.kakao.com/18822784
치톡스,7,481,후문/드림타워 인근,음식점,치킨,부산 남구 용소로40번길 11,부산 남구 대연동 512-1,27578110,http://place.map.kakao.com/27578110
다반,7,482,쪽문/경성대역 인근,카페,카페,부산 남구 용소로13번길 38-1,부산 남구 대연동 52-23,19041481,http://place.map.kakao.com/19041481
교촌치킨 대연2호점,7,483,쪽문/경성대역 인근,음식점,치킨,부산 남구 용소로13번길 26,부산 남구 대연동 52-7,17345917,http://place.map.kakao.com/17345917
빵빵한슈퍼삼겹살 부산대연점,7,483,후문/드림타워 인근,음식점,고기,부산 남구 용소로46번길 13,부산 남구 대연동 541-2,2138405625,http://place.map.kakao.com/2138405625
홈스토리 카푸치노카페,7,485,쪽문/경성대역 인근,카페,카페,부산 남구 용소로28번길 3,부산 남구 대연동 427-30,8101206,http://place.map.kakao.com/8101206
대연중국관,7,486,정문 인근,음식점,중식,부산 남구 용소로21번길 99,부산 남구 대연동 32-27,285969366,http://place.map.kakao.com/285969366
대연반점,7,486,정문 인근,음식점,중식,부산 남구 용소로21번길 99,부산 남구 대연동 32-27,1400008489,http://place.map.kakao.com/1400008489
서가네왕돼지국밥&돼지불백,7,486,후문/드림타워 인근,음식점,고기,부산 남구 용소로46번길 13,부산 남구 대연동 541-2,49723318,http://place.map.kakao.com/49723318
플러스82 대연점,7,486,후문/드림타워 인근,카페,카페,부산 남구 수영로266번길 119,부산 남구 대연동 538-9,398168800,http://place.map.kakao.com/398168800
먹돌이식당,7,488,후문/드림타워 인근,음식점,한식,부산 남구 용소로46번길 16,부산 남구 대연동 515-3,17193100,http://place.map.kakao.com/17193100
무진장,7,489,쪽문/경성대역 인근,음식점,한식,부산 남구 용소로13번길 30,부산 남구 대연동 52-18,865088762,http://place.map.kakao.com/865088762
향토집굴국밥,7,490,후문/드림타워 인근,음식점,해산물,부산 남구 용소로64번길 3,부산 남구 대연동 561-2,10014536,http://place.map.kakao.com/10014536
천탁 경성부경대3호점,7,491,쪽문/경성대역 인근,음식점,맛집,부산 남구 용소로13번길 26,부산 남구 대연동 52-7,386007555,http://place.map.kakao.com/386007555
파파존스 부산남구점,7,492,후문/드림타워 인근,음식점,피자,부산 남구 용소로64번길 3,부산 남구 대연동 561-2,1641296432,http://place.map.kakao.com/1641296432
시장을여는사람들,7,493,쪽문/경성대역 인근,음식점,한식,부산 남구 용소로13번길 26,부산 남구 대연동 52-7,958627427,http://place.map.kakao.com/958627427
삼굽살 경성대점,7,493,쪽문/경성대역 인근,음식점,고기,부산 남구 용소로13번길 26,부산 남구 대연동 52-7,1293756381,http://place.map.kakao.com/1293756381
만화카페 허니툰,7,493,쪽문/경성대역 인근,카페,카페,부산 남구 용소로13번길 26,부산 남구 대연동 52-7,1825375593,http://place.map.kakao.com/1825375593
떴다파닭,7,494,후문/드림타워 인근,음식점,치킨,부산 남구 수영로266번길 117,부산 남구 대연동 555-15,1770671414,http://place.map.kakao.com/1770671414
그집오뎅,7,496,쪽문/경성대역 인근,음식점,맛집,부산 남구 용소로13번길 36,부산 남구 대연동 52-25,1969295125,http://place.map.kakao.com/1969295125
완벌집,7,496,쪽문/경성대역 인근,음식점,고기,부산 남구 용소로13번길 36,부산 남구 대연동 52-25,370880659,http://place.map.kakao.com/370880659
픽미픽미아이스 경성대점,7,496,쪽문/경성대역 인근,음식점,맛집,부산 남구 용소로13번길 36,부산 남구 대연동 52-25,318794108,http://place.map.kakao.com/318794108
반올림피자 부산남구점,7,498,정문 인근,음식점,피자,부산 남구 용소로19번길 88,부산 남구 대연동 32-5,837858632,http://place.map.kakao.com/837858632
돈돈카츠 대연점,7,498,후문/드림타워 인근,음식점,일식,부산 남구 수영로266번길 115,부산 남구 대연동 555-12,963088612,http://place.map.kakao.com/963088612
감성가든,7,498,쪽문/경성대역 인근,카페,카페,부산 남구 용소로28번길 6,부산 남구 대연동 61-14,373199223,http://place.map.kakao.com/373199223
포츈팩토리 2호점,7,499,쪽문/경성대역 인근,카페,카페,부산 남구 용소로 17,부산 남구 대연동 58-20,24924575,http://place.map.kakao.com/24924575
꼬망무인키즈카페,7,500,쪽문/경성대역 인근,카페,카페,부산 남구 용소로13번길 52,부산 남구 대연동 42-6,155314596,http://place.map.kakao.com/155314596
블루샥 부산부경대점,7,501,쪽문/경성대역 인근,카페,카페,부산 남구 용소로 22-1,부산 남구 대연동 61-11,1762455366,http://place.map.kakao.com/1762455366
달곰하다,7,501,후문/드림타워 인근,카페,카페,부산 남구 수영로266번길 111-5,부산 남구 대연동 542-7,690916203,http://place.map.kakao.com/690916203
허브앤솔 부산대연점,7,502,후문/드림타워 인근,음식점,치킨,부산 남구 조각공원로 47,부산 남구 대연동 561-6,16347004,http://place.map.kakao.com/16347004
수심,8,504,쪽문/경성대역 인근,음식점,일식,부산 남구 용소로13번길 16,부산 남구 대연동 58-4,253513035,http://place.map.kakao.com/253513035
사천훠궈양꼬치,8,504,쪽문/경성대역 인근,음식점,중식,부산 남구 용소로13번길 16,부산 남구 대연동 58-4,248994467,http://place.map.kakao.com/248994467
칸티푸르 레스토랑,8,504,쪽문/경성대역 인근,음식점,맛집,부산 남구 용소로13번길 16,부산 남구 대연동 58-4,922827607,http://place.map.kakao.com/922827607
파비안느플라워카페 부경대본점,8,505,쪽문/경성대역 인근,카페,카페,부산 남구 용소로40번길 16,부산 남구 대연동 511-3,1029763040,http://place.map.kakao.com/1029763040
비스트로정재집,8,506,정문 인근,음식점,양식,부산 남구 용소로21번길 109,부산 남구 대연동 32-2,601599320,http://place.map.kakao.com/601599320
대구반야월막창 부경대점,8,506,쪽문/경성대역 인근,음식점,고기,부산 남구 용소로13번길 22,부산 남구 대연동 58-28,18336746,http://place.map.kakao.com/18336746
대연대패,8,506,후문/드림타워 인근,음식점,고기,부산 남구 조각공원로 47,부산 남구 대연동 561-6,1137845186,http://place.map.kakao.com/1137845186
컴포즈커피 부산대연포레나점,8,507,정문 인근,카페,카페,부산 남구 황령대로492번길 35,부산 남구 대연동 455-25,1639939986,http://place.map.kakao.com/1639939986
더락이스케이프 경성대점,8,507,쪽문/경성대역 인근,카페,카페,부산 남구 용소로13번길 12,부산 남구 대연동 58-35,1502372343,http://place.map.kakao.com/1502372343
오이시,8,508,정문 인근,음식점,한식,부산 남구 황령대로492번길 36,부산 남구 대연동 455-37,17639854,http://place.map.kakao.com/17639854
을지로골뱅이,8,508,쪽문/경성대역 인근,음식점,맛집,부산 남구 용소로13번길 18,부산 남구 대연동 58-13,16643288,http://place.map.kakao.com/16643288
그릭하다 본점,8,508,쪽문/경성대역 인근,카페,카페,부산 남구 용소로 22,부산 남구 대연동 61-1,719631275,http://place.map.kakao.com/719631275
골목전집,8,510,후문/드림타워 인근,음식점,한식,부산 남구 수영로266번길 118,부산 남구 대연동 555-7,240321499,http://place.map.kakao.com/240321499
금강반점,8,510,후문/드림타워 인근,음식점,중식,부산 남구 수영로266번길 118,부산 남구 대연동 555-7,8215556,http://place.map.kakao.com/8215556
코헨,8,510,쪽문/경성대역 인근,카페,카페,부산 남구 용소로13번길 18,부산 남구 대연동 58-13,18832767,http://place.map.kakao.com/18832767
소수,8,511,쪽문/경성대역 인근,음식점,일식,부산 남구 용소로13번길 18,부산 남구 대연동 58-13,36254655,http://place.map.kakao.com/36254655
파이널나인 부산경성대점,8,512,쪽문/경성대역 인근,음식점,맛집,부산 남구 용소로13번길 16,부산 남구 대연동 58-4,94101449,http://place.map.kakao.com/94101449
작품하나,8,512,쪽문/경성대역 인근,카페,카페,부산 남구 용소로13번길 10,부산 남구 대연동 58-5,2058602977,http://place.map.kakao.com/2058602977
마을회관,8,518,정문 인근,음식점,한식,부산 남구 황령대로492번길 32,부산 남구 대연동 455-35,20457524,http://place.map.kakao.com/20457524
걸,8,518,쪽문/경성대역 인근,음식점,맛집,부산 남구 용소로13번길 31,부산 남구 대연동 53-12,1451453326,http://place.map.kakao.com/1451453326
뎅기피버,8,518,쪽문/경성대역 인근,음식점,맛집,부산 남구 용소로13번길 31,부산 남구 대연동 53-12,758953827,http://place.map.kakao.com/758953827
집밥,8,522,정문 인근,음식점,한식,부산 남구 황령대로492번길 32,부산 남구 대연동 455-35,1109263068,http://place.map.kakao.com/1109263068
갓생맥주 본점,8,522,쪽문/경성대역 인근,음식점,맛집,부산 남구 용소로13번길 23,부산 남구 대연동 53-35,375632043,http://place.map.kakao.com/375632043
마루포차,8,524,쪽문/경성대역 인근,음식점,맛집,부산 남구 용소로13번길 27,부산 남구 대연동 53-8,715118218,http://place.map.kakao.com/715118218
지구보드게임카페,8,524,쪽문/경성대역 인근,카페,카페,부산 남구 용소로13번길 27,부산 남구 대연동 53-8,1394905467,http://place.map.kakao.com/1394905467
만만닭강정 경성대점,8,527,쪽문/경성대역 인근,음식점,치킨,부산 남구 수영로322번길 22,부산 남구 대연동 56-2,2031671287,http://place.map.kakao.com/2031671287
찜하닭,8,528,후문/드림타워 인근,음식점,고기,부산 남구 수영로266번길 108,부산 남구 대연동 548-4,2061182937,http://place.map.kakao.com/2061182937
믕,8,528,쪽문/경성대역 인근,카페,카페,부산 남구 용소로40번길 19,부산 남구 대연동 512-7,439508385,http://place.map.kakao.com/439508385
모이커피샵,8,530,쪽문/경성대역 인근,카페,카페,부산 남구 용소로34번길 22-2,부산 남구 대연동 509-12,553933005,http://place.map.kakao.com/553933005
처갓집양념치킨 경성부경대점,8,532,후문/드림타워 인근,음식점,치킨,부산 남구 수영로266번길 108,부산 남구 대연동 548-4,1533998584,http://place.map.kakao.com/1533998584
미녀,8,534,쪽문/경성대역 인근,음식점,맛집,부산 남구 수영로322번길 21,부산 남구 대연동 53-33,1905337559,http://place.map.kakao.com/1905337559
파우제독,8,534,쪽문/경성대역 인근,카페,카페,부산 남구 용소로 13,부산 남구 대연동 58-9,596127082,http://place.map.kakao.com/596127082
1953 형제돼지국밥,8,536,쪽문/경성대역 인근,음식점,한식,부산 남구 용소로13번길 29-1,부산 남구 대연동 53-14,16894037,http://place.map.kakao.com/16894037
미친피자 부산남구점,8,537,후문/드림타워 인근,음식점,피자,부산 남구 용소로64번길 14,부산 남구 대연동 555-20,2025813639,http://place.map.kakao.com/2025813639
몽자원,8,538,쪽문/경성대역 인근,음식점,중식,부산 남구 수영로322번길 21,부산 남구 대연동 53-33,1479237853,http://place.map.kakao.com/1479237853
파머스 경성대부경대점,8,538,쪽문/경성대역 인근,음식점,맛집,부산 남구 수영로322번길 21,부산 남구 대연동 53-33,1764446646,http://place.map.kakao.com/1764446646
더맛,8,538,후문/드림타워 인근,음식점,고기,부산 남구 조각공원로 45,부산 남구 대연동 561-8,24167333,http://place.map.kakao.com/24167333
폴바셋 부산대연DT점,8,541,후문/드림타워 인근,카페,카페,부산 남구 조각공원로 38,부산 남구 대연동 574-2,1366003065,http://place.map.kakao.com/1366003065
카페길 대연점,8,541,쪽문/경성대역 인근,카페,카페,부산 남구 용소로40번길 21,부산 남구 대연동 510-12,1486801795,http://place.map.kakao.com/1486801795
라미바,8,543,쪽문/경성대역 인근,음식점,맛집,부산 남구 수영로322번길 20,부산 남구 대연동 56-16,682272434,http://place.map.kakao.com/682272434
호호정,8,544,후문/드림타워 인근,음식점,중식,부산 남구 조각공원로 41,부산 남구 대연동 561-20,726464741,http://place.map.kakao.com/726464741
설빙 부산경성대점,8,546,쪽문/경성대역 인근,카페,카페,부산 남구 용소로13번길 13,부산 남구 대연동 56-4,21089245,http://place.map.kakao.com/21089245
파니니숲,8,550,정문 인근,카페,카페,부산 남구 수영로358번길 36,부산 남구 대연동 33-33,1441563297,http://place.map.kakao.com/1441563297
라미랑드,8,551,쪽문/경성대역 인근,카페,카페,부산 남구 용소로34번길 24-6,부산 남구 대연동 509-17,2095503369,http://place.map.kakao.com/2095503369
대영면옥,8,553,정문 인근,음식점,한식,부산 남구 황령대로492번길 24,부산 남구 대연동 18-1,1115601796,http://place.map.kakao.com/1115601796
지성이해물찜,8,554,후문/드림타워 인근,음식점,해산물,부산 남구 유엔로157번가길 118,부산 남구 대연동 548-3,1765226597,http://place.map.kakao.com/1765226597
솔티라이엇 경성대부경대점,8,560,쪽문/경성대역 인근,카페,카페,부산 남구 용소로 11,부산 남구 대연동 56-7,1650370270,http://place.map.kakao.com/1650370270
타래퀸 경성대점,8,560,쪽문/경성대역 인근,카페,카페,부산 남구 용소로 11,부산 남구 대연동 56-7,331584258,http://place.map.kakao.com/331584258
쿠바,8,563,쪽문/경성대역 인근,카페,카페,부산 남구 용소로7번길 16-1,부산 남구 대연동 56-5,1457287793,http://place.map.kakao.com/1457287793
아름다운사주카페,8,564,쪽문/경성대역 인근,카페,카페,부산 남구 용소로7번길 42,부산 남구 대연동 53-36,7993146,http://place.map.kakao.com/7993146
애니핑거,8,565,쪽문/경성대역 인근,카페,카페,부산 남구 용소로7번길 28,부산 남구 대연동 53-24,2117098329,http://place.map.kakao.com/2117098329
젊은이의양지 경성대점,8,565,쪽문/경성대역 인근,카페,카페,부산 남구 용소로7번길 32,부산 남구 대연동 53-5,1253338666,http://place.map.kakao.com/1253338666
그라치아,8,568,쪽문/경성대역 인근,카페,카페,부산 남구 용소로13번길 90,부산 남구 대연동 33-2,490634797,http://place.map.kakao.com/490634797
부산곰탕,9,572,후문/드림타워 인근,음식점,한식,부산 남구 조각공원로 37,부산 남구 대연동 564-22,1870859919,http://place.map.kakao.com/1870859919
부산곰탕 대연점,9,574,후문/드림타워 인근,음식점,한식,부산 남구 조각공원로 37,부산 남구 대연동 564-22,1075174553,http://place.map.kakao.com/1075174553
요거스빈 부경대후문점,9,574,정문 인근,카페,카페,부산 남구 황령대로492번길 18,부산 남구 대연동 16,1617771203,http://place.map.kakao.com/1617771203
아홉달,9,574,쪽문/경성대역 인근,카페,카페,부산 남구 수영로346번길 23,부산 남구 대연동 34-13,148336192,http://place.map.kakao.com/148336192
달달상점,9,575,후문/드림타워 인근,카페,카페,부산 남구 유엔로 246,부산 남구 대연동 1912,734892127,http://place.map.kakao.com/734892127
소소해담,9,576,후문/드림타워 인근,카페,카페,부산 남구 유엔로 246,부산 남구 대연동 1912,737594597,http://place.map.kakao.com/737594597
더벤티 경성대부경대점,9,583,쪽문/경성대역 인근,카페,카페,부산 남구 용소로 9,부산 남구 대연동 56-13,1090512849,http://place.map.kakao.com/1090512849
공차 경성대점,9,583,쪽문/경성대역 인근,카페,카페,부산 남구 용소로 9,부산 남구 대연동 56-13,1467031288,http://place.map.kakao.com/1467031288
꼬꼬네두마리치킨 부경대점,9,584,후문/드림타워 인근,음식점,치킨,부산 남구 유엔로215번길 37,부산 남구 대연동 573-52,16725944,http://place.map.kakao.com/16725944
하대승담양갈비 대연점,9,588,후문/드림타워 인근,음식점,고기,부산 남구 유엔로 229,부산 남구 대연동 564-25,1577860556,http://place.map.kakao.com/1577860556
텐퍼센트커피 대연자이점,9,591,후문/드림타워 인근,카페,카페,부산 남구 유엔로 229,부산 남구 대연동 564-25,1713792857,http://place.map.kakao.com/1713792857
블루샥 더비치푸르지오점,9,592,정문 인근,카페,카페,부산 남구 황령대로492번길 10,부산 남구 대연동 16-3,61198415,http://place.map.kakao.com/61198415
할리스 부산경성대점,9,593,쪽문/경성대역 인근,카페,카페,부산 남구 용소로 7,부산 남구 대연동 56-8,27456877,http://place.map.kakao.com/27456877
다락방,9,595,쪽문/경성대역 인근,카페,카페,부산 남구 용소로7번길 19,부산 남구 대연동 55-13,1815996067,http://place.map.kakao.com/1815996067
댄싱컵 경성대점,9,599,쪽문/경성대역 인근,카페,카페,부산 남구 용소로7번길 19,부산 남구 대연동 55-13,2051600097,http://place.map.kakao.com/2051600097
레드버튼 경성대점,9,600,쪽문/경성대역 인근,카페,카페,부산 남구 용소로 8,부산 남구 대연동 68-1,202718824,http://place.map.kakao.com/202718824
위너스커피 경성대부경대점,9,613,쪽문/경성대역 인근,카페,카페,부산 남구 용소로7번길 63-3,부산 남구 대연동 39-33,1664328063,http://place.map.kakao.com/1664328063
거창맷돌순두부,9,615,후문/드림타워 인근,음식점,한식,부산 남구 유엔로 221,부산 남구 대연동 564-17,1640766071,http://place.map.kakao.com/1640766071
츄러스1500 경성대부경대점,9,623,쪽문/경성대역 인근,카페,카페,부산 남구 수영로346번길 11,부산 남구 대연동 38-14,1594248178,http://place.map.kakao.com/1594248178
카페감,9,624,후문/드림타워 인근,카페,카페,부산 남구 유엔로 223,부산 남구 대연동 564-16,1149880859,http://place.map.kakao.com/1149880859
모넬로키즈카페 대연점,9,629,정문 인근,카페,카페,부산 남구 황령대로492번길 8,부산 남구 대연동 16-2,1484070915,http://place.map.kakao.com/1484070915
파리바게뜨 대연자이점,9,633,후문/드림타워 인근,음식점,맛집,부산 남구 유엔로 230,부산 남구 대연동 565-1,673973311,http://place.map.kakao.com/673973311
카페그리다,10,639,후문/드림타워 인근,카페,카페,부산 남구 유엔로 219-4,부산 남구 대연동 564-19,15836223,http://place.map.kakao.com/15836223
투썸플레이스 부산대남점,10,645,정문 인근,카페,카페,부산 남구 황령대로 486,부산 남구 대연동 10-2,287992143,http://place.map.kakao.com/287992143
라코모,10,648,쪽문/경성대역 인근,카페,카페,부산 남구 수영로 312,부산 남구 대연동 55-1,2139107361,http://place.map.kakao.com/2139107361
이솔산오리,10,649,후문/드림타워 인근,음식점,고기,부산 남구 신선로 499,부산 남구 대연동 649-14,960705160,http://place.map.kakao.com/960705160
스타벅스 경성대점,10,659,쪽문/경성대역 인근,카페,카페,부산 남구 수영로 312,부산 남구 대연동 55-1,8429827,http://place.map.kakao.com/8429827
이디야커피 부산부경대후문점,10,675,쪽문/경성대역 인근,카페,카페,부산 남구 수영로358번길 12,부산 남구 대연동 38-2,21697573,http://place.map.kakao.com/21697573
달콤한시간,10,679,후문/드림타워 인근,카페,카페,부산 남구 유엔평화로47번길 136,부산 남구 대연동 569-1,144767104,http://place.map.kakao.com/144767104
브루싱커피,10,680,후문/드림타워 인근,카페,카페,부산 남구 조각공원로 27,부산 남구 대연동 565-4,1210986707,http://place.map.kakao.com/1210986707
이층집 564-9,10,681,후문/드림타워 인근,음식점,양식,부산 남구 유엔로 217,부산 남구 대연동 564-9,1873803816,http://place.map.kakao.com/1873803816
포비베이크샵,10,698,정문 인근,카페,카페,부산 남구 수영로366번길 16-6,부산 남구 대연동 30-4,58978580,http://place.map.kakao.com/58978580
커피볶는 시골커피 남천점,11,705,정문 인근,카페,카페,부산 수영구 황령대로509번길 9,부산 수영구 남천동 556-7,559200632,http://place.map.kakao.com/559200632
마일로 남천점,11,708,정문 인근,카페,카페,부산 수영구 황령대로509번길 9,부산 수영구 남천동 556-7,868292192,http://place.map.kakao.com/868292192
또래오래 대연점,11,724,후문/드림타워 인근,음식점,치킨,부산 남구 유엔로 211,부산 남구 대연동 1918,1886438095,http://place.map.kakao.com/1886438095
이우철한방누룽삼계탕 대연점,11,734,후문/드림타워 인근,음식점,고기,부산 남구 유엔로 216,부산 남구 대연동 568-15,1772388697,http://place.map.kakao.com/1772388697
이디야커피 부산남천동점,11,737,정문 인근,카페,카페,부산 수영구 황령대로489번길 11,부산 수영구 남천동 293,16840147,http://place.map.kakao.com/16840147
카페토모,12,788,후문/드림타워 인근,카페,카페,부산 남구 유엔평화로41번길 107,부산 남구 대연동 639-3,134632245,http://place.map.kakao.com/134632245
스타벅스 부산유엔공원점,13,877,후문/드림타워 인근,카페,카페,부산 남구 유엔로 200,부산 남구 대연동 568-11,827528260,http://place.map.kakao.com/827528260
