name,category,star_rating,visitor_reviews,blog_reviews,address,latitude,longitude,distance_m
길목화로,음식점,별점 없음,774,0,부산 남구 용소로7번길 28-1 1층,35.1371290003451,129.101916026684,480.1
호르몬치치 부산대연점,음식점,4.95,"2,020",0,부산 남구 용소로19번길 10 1층,35.1357323940179,129.10136507566,426.8
1953형제돼지국밥 본점,음식점,4.8,"7,106",0,부산 남구 용소로13번길 29-1,35.1370727022374,129.102060043067,466.5
구공해락 족발구이,음식점,4.96,308,0,부산 남구 용소로13번길 83 2층,35.1381547259624,129.104665007494,469.1
푸주인 경성대점,음식점,별점 없음,"1,330",0,부산 남구 수영로334번길 18 1층,35.1375994707223,129.102602792467,481.9
미국할매 대연본점,음식점,4.92,325,0,부산 남구 용소로21번길 45-1 1층,35.1358126147155,129.103347546289,284.4
겐쇼심야라멘 경성대점,음식점,별점 없음,"1,951",0,부산 남구 용소로13번길 16 엠파이어빌딩 1층 겐쇼심야라멘,35.1364073879572,129.101519333678,454.1
철인7호,음식점,4.76,"1,850",0,부산 남구 수영로346번길 21 1층 철인7호,35.1381189449471,129.104027261772,478.7
롤뺑드빠리,음식점,별점 없음,"1,181",0,부산 남구 용소로19번길 7 1층,35.1360099411293,129.101121436224,460.8
갓생맥주 본점,음식점,4.8,"1,684",0,부산 남구 용소로13번길 23 1층,35.1368390935971,129.101879940028,459.6
홍익돈까스 부산대연점,음식점,4.77,"4,676",0,부산 남구 용소로8번길 37 1층 홍익돈까스 부산대연점,35.1357257828722,129.098549464758,665.1
수연어 본점,음식점,4.75,"2,230",0,부산 남구 용소로40번길 30 제네시스 빼어날 수연어,35.1339088935648,129.099328186098,566.0
이학수 한옥집김치찜 본점,음식점,4.5,"2,888",0,부산 남구 용소로7번길 79 이학수한옥집김치찜,35.1385498374688,129.104117778713,522.6
샤브올 경성대점,음식점,별점 없음,"4,147",0,부산 남구 용소로8번길 21 2층,35.136075778621,129.099371985915,607.6
톤톤야끼,음식점,4.9,"1,856",0,부산 남구 용소로19번길 47,35.1367800586306,129.103069445626,382.9
금수돼지국밥 경성부경대점,음식점,별점 없음,"5,621",0,부산 남구 수영로346번길 12 1층,35.1382991795062,129.103591224287,510.4
흑산도횟집,음식점,4.92,399,0,부산 남구 수영로334번길 11 1층,35.1379463371432,129.102638482441,512.7
유일한식탁,음식점,4.58,"1,971",0,부산 남구 용소로13번길 62 102동 1층 유일한식탁,35.1374567519118,129.10375362387,417.9
영칼로리포케&샐러드 부산경성대부경대점,음식점,별점 없음,484,0,부산 남구 수영로 286 1층 영칼로리포케 부산 경성대부경대점,35.1359500298896,129.097673124098,748.6
언양닭칼국수 경성대부경대점,음식점,4.74,"1,787",0,부산 남구 용소로8번길 14 1층 언양닭칼국수 경성대부경대점,35.1364040418057,129.099555608243,607.3
원조서면소갈비살 경성대부경대점,음식점,별점 없음,692,0,부산 남구 용소로13번길 35 1층,35.1371371361158,129.10238191864,452.6
텐달러 스테이크 앤 파스타,음식점,별점 없음,340,0,부산 남구 수영로358번길 17 1층,35.1386900271904,129.105146457071,523.0
근사한중화요리 중찬 경성대본점,음식점,4.7,"2,328",0,부산 남구 수영로334번길 22,35.1374703168573,129.102686902663,465.7
고궁삼계탕,음식점,별점 없음,686,0,부산 남구 용소로7번길 83 2층,35.1386546027983,129.104374219754,528.7
화락짬뽕,음식점,4.92,317,0,부산 남구 용소로7번길 74 1층,35.1382555358131,129.103997537785,494.0
평화김해뒷고기 경성대부경대점,음식점,별점 없음,"2,176",0,부산 남구 용소로13번길 9 평화김해뒷고기 경성대부경대점,35.1364767492199,129.101120929062,488.1
여담,음식점,별점 없음,601,0,부산 남구 용소로13번길 32-1 1층,35.1367873508636,129.102441704786,419.7
해금횟집,음식점,별점 없음,"6,848",0,부산 남구 용소로13번길 13,35.1366737634616,129.101270359463,490.0
샤브온담,음식점,4.89,"1,151",0,부산 남구 황령대로492번길 24 202호,35.1377750861911,129.106297145869,425.4
장호가양꼬치 경성부경대직영점,음식점,4.95,"1,207",0,부산 남구 용소로13번길 46 1층,35.1371340502366,129.102923106256,422.7
텐짱,음식점,4.7,"1,053",0,부산 남구 수영로298번길 14 1층 텐짱,35.136144469801,129.099037848011,638.6
장수치킨맥주 경성대점,음식점,4.91,237,0,부산 남구 용소로13번길 41-1 1층,35.1373143432963,129.102592496215,456.5
롤링파스타 부산경성대점,음식점,별점 없음,"3,880",0,부산 남구 용소로 3 2층,35.1369526086598,129.100453012842,568.2
황해도,음식점,4.8,"1,039",0,부산 수영구 수영로394번길 35-3 황해도,35.14055346986,129.109091975861,796.8
우리집,음식점,4.93,44,0,부산 남구 용소로19번길 25 태양빌딩 지하1층,35.1362836853778,129.101995653622,411.3
리틀베어베이크샵,음식점,별점 없음,608,0,부산 남구 수영로334번길 42 1층 리틀베어베이크샵,35.1366566843009,129.103267023927,361.3
돈카츠 정,음식점,별점 없음,288,0,부산 남구 수영로334번길 56 1층 102호,35.1361486977396,129.103594243188,298.1
스타벅스 경성대점,음식점,별점 없음,"6,314",0,부산 남구 수영로 312 (대연동),35.1369795296869,129.100620669986,557.6
오방가르드,음식점,별점 없음,380,0,부산 남구 용소로7번길 15-1 지하 오방가르드,35.1372219212189,129.101011512929,546.7
아부라클럽,음식점,별점 없음,218,0,부산 남구 용소로 26 1층,35.1350240064019,129.100626584659,462.2
미야미야 회 포차,음식점,4.88,360,0,부산 남구 수영로266번길 65 1층 미야미야포차,35.1340828407105,129.098546670795,637.1
라이옥 베트남 쌀국수 본점,음식점,4.57,"2,264",0,부산 남구 용소로7번길 76,35.1382755065968,129.104077367087,494.1
구월의마카롱,음식점,별점 없음,"1,079",0,부산 남구 수영로334번길 9,35.1380278118715,129.102565212563,523.9
파리바게뜨 경성대점,음식점,별점 없음,"4,799",0,부산 남구 용소로 6,35.1366446250971,129.100102941944,576.3
숯불애,음식점,4.78,"2,617",0,부산 남구 수영로346번길 20,35.137996403023,129.103855165446,470.6
신사우물갈비 대연점,음식점,4.92,"6,346",0,부산 남구 용소로7번길 83,35.1386546027983,129.104374219754,528.7
맥도날드 경성대점,음식점,4.59,"5,470",0,부산 남구 수영로 304 대승타워,35.1368002282861,129.099522232917,630.6
연어바치,음식점,별점 없음,"1,139",0,부산 남구 용소로21번길 71 1층 연어바치,35.1363502355046,129.104110852699,292.5
빌라 드 엘르,음식점,별점 없음,"1,061",0,부산 남구 수영로 334 지하 1층 빌라 드 엘르,35.1381632839411,129.102226095341,553.1
아웃닭 경성대점,음식점,별점 없음,"1,646",0,부산 남구 용소로19번길 6 1층,35.1357063483514,129.101230133853,436.5
피자베이 남구수영점,음식점,별점 없음,162,0,부산 남구 용소로21번길 37 1층,35.1356553532177,129.102823853552,309.0
감삼집 부산 경성대본점,음식점,4.9,"1,495",0,부산 남구 수영로322번길 33 2층,35.1364959562081,129.10224212431,409.5
춘리마라탕 경성대점,음식점,별점 없음,"4,855",0,부산 남구 용소로 11 2층,35.1364091275822,129.100805995936,508.0
고기달인,음식점,4.72,861,0,부산 남구 용소로7번길 81 1층,35.1385930253083,129.104240990342,524.6
시장을여는사람들 경성대부경대점,음식점,별점 없음,984,0,부산 남구 용소로13번길 26,35.1366646356151,129.102050975468,435.0
믕,음식점,별점 없음,994,0,부산 남구 용소로40번길 19 2층,35.1337314990157,129.099892409441,515.5
역시한우,음식점,4.91,368,0,부산 남구 용소로13번길 81 1층,35.1380954933996,129.104557619217,464.4
카페위드,음식점,별점 없음,715,0,부산 남구 용소로19번길 15 대정빌딩 2층,35.1361269700329,129.101486893523,438.9
포비베이크샵,음식점,별점 없음,258,0,부산 남구 수영로366번길 16-6 1층,35.1389440658074,129.105996512612,551.4
동동국밥 경성대점,음식점,4.85,603,0,부산 남구 용소로7번길 45 1층 102호,35.1378057210026,129.102453636963,508.5
Poke all day 포케&샐러드 경성대부경대점,음식점,별점 없음,"1,506",0,부산 남구 용소로 13,35.1362136955536,129.10092383766,487.6
아슬케밥,음식점,별점 없음,91,0,부산 남구 용소로28번길 10,35.1349880662009,129.100157906182,502.7
이층집 코코로 본점,음식점,4.58,378,0,부산 남구 수영로322번길 18 2층,35.1369517104289,129.101533547082,491.3
롯데리아 부산경성대점,음식점,별점 없음,"2,315",0,부산 남구 수영로 300 VISION PLAZA,35.1366795471993,129.099226780319,647.8
할리스 부산경성대점,음식점,4.57,"1,305",0,부산 남구 용소로 7 청라빌딩,35.1366740247463,129.100631797365,537.3
비스트로정재집,음식점,별점 없음,"1,112",0,부산 남구 용소로21번길 109 1층,35.1375739262404,129.105437932465,397.7
그린클라우드 대연점,음식점,별점 없음,723,0,부산 남구 용소로 18-2 그린클라우드 대연점,35.1356039389602,129.100510067127,492.0
돈나무집,음식점,4.95,79,0,부산 남구 용소로7번길 53-1 (대연동) 돈나무집,35.1379015758033,129.102834246969,499.4
동대문엽기떡볶이 부산경성대점,음식점,별점 없음,470,0,부산 남구 용소로14번길 14 2층,35.1359592314057,129.099971464868,552.3
미분당 대연점,음식점,4.91,"1,126",0,부산 남구 용소로19번길 34 1층 101호,35.1362983685549,129.102499665465,377.4
백양숯불갈비 본점,음식점,별점 없음,347,0,부산 남구 수영로358번길 21 1층,35.1386048252128,129.105257805665,512.9
면식당 부경대점,음식점,별점 없음,"3,211",0,부산 남구 용소로21번길 66 1층,35.1360290304649,129.104066054752,263.1
사랑각 부산경성대점,음식점,별점 없음,"1,085",0,부산 남구 용소로13번길 10 1층,35.1362880830305,129.101274706346,464.8
애착,음식점,4.92,"1,384",0,부산 남구 용소로19번길 22 1층 101호,35.1360504964215,129.101983514143,396.7
떡 뽑는 집 범앗간 대연본점,음식점,별점 없음,969,0,부산 남구 용소로 10 1층,35.1362955841407,129.100395321576,534.0
보배반점 대연점,음식점,별점 없음,"1,288",0,부산 남구 수영로298번길 10 1층 일부호(대연동),35.1362713595746,129.098964645135,650.1
"큰집돼지국밥,뼈다귀해장국",음식점,별점 없음,"1,099",0,"부산 남구 수영로266번길 132 (대연동) 큰집돼지국밥,뼈다귀해장국",35.13182635204,129.100968830376,481.7
도미노피자 용호남천점,음식점,4.53,669,0,부산 남구 수영로 346 1층,35.1386528784963,129.103394303984,553.5
쌈마이 닭쌈밥 대연점,음식점,별점 없음,875,0,부산 남구 용소로21번길 43-1 1층 쌈마이,35.1358068050637,129.103240988136,290.8
노모어피자 경성부경대점,음식점,별점 없음,94,0,부산 남구 수영로322번길 22 2층 201호,35.1367558140446,129.101652143729,468.8
아일라케밥,음식점,별점 없음,31,0,부산 남구 용소로28번길 8 1층,35.1350187852561,129.100345621911,486.8
역전할머니맥주 부산경성부경대점,음식점,별점 없음,"1,104",0,부산 남구 용소로7번길 41,35.1377627285725,129.102282711963,513.4
강인아구찜,음식점,별점 없음,92,0,"부산 남구 용소로7번길 63-4 1,2층 101,201호",35.1382101339946,129.103441382253,506.1
아미양곱창,음식점,4.87,"1,000",0,부산 남구 용소로13번길 84-2 1층 아미양곱창,35.1379449812259,129.104719504395,445.3
호야 이자까야,음식점,별점 없음,287,0,부산 남구 용소로7번길 63-3,35.1381754191099,129.103276483159,508.5
남포육개장,음식점,별점 없음,934,0,부산 남구 용소로13번길 62 102동 101호 남포육개장,35.1374567519118,129.10375362387,417.9
발해,음식점,4.89,273,0,부산 남구 용소로34번길 25 1층,35.1341018088966,129.099698652009,532.4
그라츠커피랩 경성대점,음식점,별점 없음,407,0,부산 남구 수영로 311-1 건물 전층 그라츠커피랩,35.137578688187,129.100034570859,640.5
골목,음식점,4.84,"1,256",0,부산 남구 용소로7번길 32-2 1층,35.1371891146584,129.102081795694,474.8
크라운닭발 대연동점,음식점,별점 없음,374,0,부산 남구 용소로19번길 53 크라운닭발,35.1369223205281,129.103341105686,382.2
별다른 돈까스,음식점,4.93,404,0,부산 남구 용소로21번길 91 1층 별다른돈까스,35.1371271934365,129.104718851787,356.0
물레방아즉석구이,음식점,별점 없음,138,0,부산 남구 수영로358번길 7,35.1391001946311,129.104879031112,570.6
칠칠켄터키 경성대점,음식점,별점 없음,301,0,부산 남구 용소로13번길 47,35.1373768223571,129.103058032167,438.8
쾩 경성대점,음식점,별점 없음,571,0,부산 남구 용소로19번길 65 1층,35.13715969509,129.103869831513,383.3
대남 포장집,음식점,별점 없음,440,0,부산 남구 대연동 37-1,35.1389392851933,129.106219636666,552.7
버거킹 부산경성대점,음식점,별점 없음,251,0,부산 남구 수영로 295,35.137014971474,129.098362610132,734.8
못,음식점,별점 없음,"1,126",0,부산 남구 수영로346번길 33 1층,35.1376273756957,129.104343056464,418.2
와플대학 부산경성대캠퍼스,음식점,별점 없음,42,0,부산 남구 수영로 274-17 1층,35.13543920164,129.097301408805,767.2
OL'55,음식점,별점 없음,97,0,부산 남구 용소로19번길 26 지하1층 OL55(한은빌딩),35.1360938192729,129.102156199062,386.8
박가부대 부산경성대점,음식점,별점 없음,743,0,부산 남구 용소로8번길 6 박가부대찌개 경성대부경대점,35.1365707701331,129.099934299339,585.4
돈카츠유마,음식점,별점 없음,557,0,부산 남구 용소로 56 1층 돈카츠유마,35.1323518536258,129.100971913628,454.9
도련님숯불갈비 경성대본점,음식점,4.85,495,0,부산 남구 수영로322번길 32 1층,35.1363852947585,129.101925315642,423.3
미효공방 경성대점,음식점,별점 없음,809,0,부산 남구 용소로19번길 41 1층,35.136638024797,129.102706740724,391.2
오디오디,음식점,4.81,"2,361",0,부산 남구 용소로 34 2층 odod,35.1343793384059,129.100729370467,440.6
타보로,음식점,별점 없음,243,0,부산 남구 용소로 45 1층 동원장보고관,35.1311780304316,129.105045490948,317.0
BBQ치킨 부산경성대점,음식점,별점 없음,166,0,부산 남구 용소로7번길 35 1층,35.1375709134556,129.102088213481,506.9
투썸플레이스 부산대남점,음식점,별점 없음,48,0,부산 남구 황령대로 486 1층,35.1383290276827,129.106955157313,498.2
구르메,음식점,별점 없음,426,0,부산 남구 용소로13번길 61 101동 102호 구르메,35.1376712820673,129.103615545152,444.7
다온스시&덮밥,음식점,별점 없음,"2,706",0,부산 남구 수영로334번길 6 1층,35.138060972178,129.102274585454,541.2
스위시 대연써밋점,음식점,별점 없음,31,0,부산 남구 황령대로 504 115동 1층 120호,35.1358668649776,129.110083623465,461.5
파머스 경성대부경대점,음식점,별점 없음,12,0,부산 남구 수영로322번길 21 지하1층,35.1369496280071,129.101809392142,472.8
아홉달,음식점,별점 없음,"1,129",0,부산 남구 수영로346번길 23 2층 아홉달,35.1380131732498,129.104093322639,465.7
키위,음식점,별점 없음,293,0,부산 남구 수영로346번길 46 1층,35.1370378450499,129.104555400021,349.9
푸드파라다이스,음식점,별점 없음,4,0,부산 남구 용소로34번길 25,35.1341018088966,129.099698652009,532.4
케이찹사라다 경성부경대점,음식점,4.79,107,0,부산 남구 용소로13번길 91 1층,35.1382886635504,129.105042104513,479.3
그레이핍플 부경대점,음식점,별점 없음,4,0,부산 남구 용소로13번길 62 103호 그레이핍플 부경대점,35.1374567519118,129.10375362387,417.9
투썸플레이스 부산경성대역점,음식점,별점 없음,102,0,부산 남구 수영로 295 105호,35.137014971474,129.098362610132,734.8
프랭크버거 부산부경대점,음식점,별점 없음,"1,183",0,부산 남구 수영로 334 1층,35.1381632839411,129.102226095341,553.1
BBQ치킨 부산부경대점,음식점,별점 없음,20,0,부산 남구 수영로366번길 31 2층,35.1385434848039,129.106774848115,517.5
김소남연탄쪽갈비,음식점,별점 없음,309,0,부산 남구 용소로7번길 42 김소남연탄쪽갈비 1F,35.1375159317608,129.102483481885,480.4
제일칼국수 남천점,음식점,4.83,"1,741",0,"부산 수영구 황령대로 491 1층 1-2호, 1-4호",35.1384303703566,129.107749825918,531.8
주월포차 대연동 본점,음식점,별점 없음,127,0,부산 남구 용소로13번길 9 2층,35.1364767492199,129.101120929062,488.1
웨이양,음식점,4.8,"2,620",0,부산 남구 용소로7번길 78,35.1383131263766,129.104157979871,496.2
대영면옥,음식점,별점 없음,212,0,부산 남구 황령대로492번길 24,35.1377750861911,129.106297145869,425.4
쉘박스 대연점,음식점,별점 없음,454,0,부산 남구 수영로266번길 73 1층,35.1337179708825,129.098962270667,600.0
라화공방 부산대연점,음식점,별점 없음,"1,866",0,부산 남구 용소로19번길 49,35.136805717939,129.103179806793,379.4
그라찌에 부경대학교행복기숙사점,음식점,별점 없음,94,0,부산 남구 용소로 45 행복연합기숙사 1층,35.1311780304316,129.105045490948,317.0
마노 경성대점,음식점,4.9,896,0,부산 남구 용소로19번길 25 태양빌딩 2층,35.1362836853778,129.101995653622,411.3
대패파,음식점,별점 없음,178,0,부산 남구 용소로14번길 17 1층 대패파,35.1356448435932,129.099876396809,547.6
당감댁 경성대&부경대점,음식점,별점 없음,"1,190",0,부산 남구 용소로7번길 64 1층,35.1380172350224,129.103558517245,482.2
윌로버케이크,음식점,별점 없음,35,0,"부산 남구 용소로21번길 75-4 1층 101호, 102호",35.1366430730993,129.104196058636,318.9
명랑핫도그 경성대1호점,음식점,별점 없음,766,0,부산 남구 용소로 30 1층 명랑핫도그,35.134588901319,129.10070085894,446.0
퍼니비어 경성대점,음식점,별점 없음,484,0,부산 남구 용소로19번길 20 혜성빌딩 1층,35.1359766570534,129.10188683471,399.3
웨이드,음식점,별점 없음,219,0,부산 남구 황령대로492번길 66 지하1층,35.1365068491405,129.10446921686,295.8
코코노카,음식점,별점 없음,798,0,부산 남구 수영로334번길 56-1 102호 코코노카,35.1360045258297,129.103697271121,279.6
남원,음식점,별점 없음,236,0,부산 남구 용소로8번길 16 2층,35.1363503568988,129.099398235286,617.7
버거잇[Burgereat],음식점,별점 없음,"1,052",0,부산 남구 수영로322번길 46 2층,35.1358698725543,129.102120382303,375.1
구디,음식점,별점 없음,146,0,부산 남구 수영로298번길 22 1층 102호,35.1357446966698,129.099361398821,595.5
카츠안 경성대부경대점,음식점,별점 없음,499,0,부산 남구 수영로334번길 43 하나빌 104호 카츠안,35.13665477994,129.103610228709,344.1
자금성,음식점,별점 없음,11,0,부산 남구 황령대로 488 1층,35.1382018217819,129.107129158029,488.9
온정돼지국밥 남구직영점,음식점,4.89,245,0,부산 남구 용소로21번길 47-1 1층,35.1358283252432,129.103491108615,276.6
모이커피샵,음식점,별점 없음,206,0,부산 남구 용소로34번길 22-2 1층 모이커피샵,35.1342030929242,129.09989135933,515.2
농부꼬마김밥 본점,음식점,별점 없음,231,0,부산 남구 용소로 3 1층,35.1369526086598,129.100453012842,568.2
대봉찜닭,음식점,4.82,"5,211",0,부산 남구 수영로334번길 5 1층,35.1381343541369,129.102506629294,536.8
우홍백 돼지국밥 본점,음식점,4.84,"2,659",0,부산 남구 용소로14번길 26 1층,35.1357350458776,129.099185083024,610.3
종가대박집 대연점,음식점,별점 없음,276,0,부산 남구 용소로7번길 33,35.1376051920309,129.10196677717,516.8
수라국밥 경성대점,음식점,별점 없음,859,0,부산 남구 용소로8번길 21,35.136075778621,129.099371985915,607.6
삼환축산 대연점,음식점,별점 없음,"1,299",0,부산 남구 용소로7번길 40 1층 삼환축산 경성대부경대점,35.1374078953124,129.102373743744,476.7
등촌샤브칼국수 대연점,음식점,별점 없음,309,0,부산 남구 용소로13번길 52 1층,35.1372490687092,129.103237946945,418.2
경성고기,음식점,4.84,335,0,부산 남구 용소로8번길 33 1층,35.1357621859888,129.098669313772,655.9
용소해장국,음식점,별점 없음,304,0,부산 남구 수영로346번길 17 용소해장국,35.1382099077343,129.103942170065,490.6
고기가득통돼지김치찌개,음식점,별점 없음,170,0,부산 남구 수영로346번길 37 고기가득통돼지김치찌개,35.1374701988206,129.104473614241,398.3
바당 전복죽,음식점,별점 없음,33,0,부산 남구 황령대로 504 상가동 103호,35.1358668649776,129.110083623465,461.5
덩굴아나고,음식점,별점 없음,403,0,부산 수영구 황령대로 483-7 1층,35.1388873965676,129.107399918264,569.0
향토집굴국밥,음식점,별점 없음,556,0,부산 남구 용소로64번길 3,35.1315200628125,129.101077125444,491.5
골목끝에서울집,음식점,별점 없음,"1,054",0,부산 남구 용소로21번길 21-6,35.1358229735108,129.102039534282,378.4
대방집,음식점,별점 없음,27,0,부산 남구 용소로7번길 84 1층 106호,35.1384135021068,129.104480348471,500.5
아빠횟집,음식점,4.56,172,0,부산 남구 수영로358번길 24 아빠횟집,35.1384390980517,129.105076585939,495.7
술적심,음식점,별점 없음,266,0,부산 남구 용소로19번길 41-1 2층 술적심,35.1367407351677,129.102624913081,404.7
구백냥곱창,음식점,별점 없음,9,0,부산 남구 수영로298번길 21,35.135916098647,129.099584871412,583.0
칠복장어 남천점,음식점,별점 없음,"2,811",0,부산 수영구 황령대로489번길 30 2층,35.1391750283899,129.108736837966,644.4
윤키친,음식점,별점 없음,0,0,부산 남구 황령대로 504 115동 208호,35.1358668649776,129.110083623465,461.5
부산곰탕 대연점,음식점,4.89,"1,219",0,부산 남구 조각공원로 37 1층,35.1304550759864,129.101206946878,558.0
느엉98,음식점,별점 없음,0,0,부산 남구 용소로14번길 42,35.1353326631574,129.098634701364,646.3
인스타크랩,음식점,4.92,149,0,부산 수영구 황령대로 491 1층 인스타크랩,35.1384303703566,129.107749825918,531.8
쭈꾸밍 대연점,음식점,별점 없음,29,0,부산 남구 용소로19번길 4 지하1층,35.1356561195433,129.10113340418,442.0
찜하닭,음식점,별점 없음,21,0,부산 남구 수영로266번길 108 1층,35.1325384551452,129.100038045998,527.0
왕초장,음식점,별점 없음,358,0,부산 수영구 광안해변로15번길 77 95호 왕초장,35.1391561293219,129.109040779044,655.4
남천전집,음식점,별점 없음,55,0,부산 수영구 황령대로489번길 14,35.1386788121437,129.10820590676,573.7
매킴부산돼지국밥,음식점,별점 없음,1,0,부산 남구 수영로298번길 21 2층 207호,35.135916098647,129.099584871412,583.0
송하돼지국밥,음식점,별점 없음,534,0,부산 수영구 수영로384번길 26,35.1398619703447,129.107561958215,677.1
메가혼밥 부산대연점,음식점,별점 없음,0,0,부산 남구 용소로46번길 30 1층 102호,35.1334389183338,129.09955821785,548.6
원조 멸치 칼국수,음식점,별점 없음,1,0,부산 남구 용소로14번길 23,35.1354708335662,129.099533065775,571.3
뽀글뽀글김치나라,음식점,별점 없음,18,0,부산 남구 용소로13번길 9,35.1364767492199,129.101120929062,488.1
청기와식당,음식점,별점 없음,2,0,부산 남구 수영로 312 센츄리빌딩지하 115호,35.1369795296869,129.100620669986,557.6
만원족발&만원육회 대연점,음식점,별점 없음,13,0,부산 남구 용소로14번길 9 (대연동),35.1358012914684,129.100245057524,522.5
제대로한끼,음식점,별점 없음,4,0,부산 남구 용소로21번길 41,35.1356863059558,129.103112062477,290.6
THE 김치찌개,음식점,별점 없음,1,0,부산 남구 용소로14번길 42 (대연동),35.1353326631574,129.098634701364,646.3
경수초장집,음식점,별점 없음,93,0,"부산 남구 용소로8번길 17 , 5층",35.1361225402726,129.099549255631,594.7
지금은 아구찜 대연점,음식점,별점 없음,0,0,부산 남구 수영로298번길 21 2(일부)층 (대연동),35.135916098647,129.099584871412,583.0
신밀양돼지국밥,음식점,별점 없음,3,0,부산 남구 용소로 45,35.1311780304316,129.105045490948,317.0
하대승담양갈비 대연점,음식점,별점 없음,455,0,부산 남구 유엔로 229 1층,35.1303106529519,129.10119467934,570.2
곱창동자,음식점,별점 없음,4,1,부산 남구 용소로21번길 37-1,35.1357519705205,129.102833469408,314.8
엄마손 닭도리탕,음식점,별점 없음,2,0,부산 남구 용소로13번길 17,35.1367420529701,129.10146880873,480.5
맛있는 김치찜&김치찌개,음식점,별점 없음,1,0,"부산 남구 수영로298번길 39-9 가동 101호, 102호",35.1355314134025,129.100088055001,525.3
포천할매 순두부,음식점,별점 없음,0,0,부산 남구 용소로14번길 23,35.1354708335662,129.099533065775,571.3
맛있는인생,음식점,별점 없음,3,0,부산 남구 용소로14번길 17,35.1356448435932,129.099876396809,547.6
울엄마 김치찜 갈비찜,음식점,별점 없음,0,0,부산 남구 수영로298번길 27,35.1356158489392,129.099703533508,561.4
닭한판바베큐,음식점,별점 없음,1,0,부산 남구 수영로 312,35.1369795296869,129.100620669986,557.6
궁순 순두부,음식점,별점 없음,0,0,부산 남구 용소로13번길 77 (대연동),35.1379684977526,129.104361821459,454.5
지교,음식점,4.96,203,0,부산 남구 수영로346번길 44 1층 지교,35.1371081278563,129.104457271603,359.8
그집짬뽕0927 대연점,음식점,4.86,"3,082",0,부산 남구 용소로7번길 60 영광드림타워 1층 102호,35.1378963707258,129.103398751674,475.6
1978 상하이짬뽕 대연점,음식점,별점 없음,2,0,부산 남구 용소로19번길 41-1,35.1367407351677,129.102624913081,404.7
뚠뚠이 생안심탕수육,음식점,별점 없음,3,0,부산 남구 용소로34번길 25,35.1341018088966,129.099698652009,532.4
호호정,음식점,별점 없음,566,0,부산 남구 신선로 566 401동 147-2호,35.1326695529587,129.10968594313,404.0
탕슈탕슈,음식점,별점 없음,4,0,부산 남구 조각공원로 47,35.1312994588891,129.101134310728,501.4
차이풍,음식점,별점 없음,809,0,부산 남구 용소로13번길 46 2층 차이풍,35.1371340502366,129.102923106256,422.7
칠성반점,음식점,별점 없음,0,0,부산 남구 용소로21번길 41,35.1356863059558,129.103112062477,290.6
갈비짬뽕엔탕수육,음식점,별점 없음,0,0,부산 남구 수영로298번길 27,35.1356158489392,129.099703533508,561.4
반대가리,음식점,별점 없음,4,0,부산 남구 수영로325번길 12,35.1387844865167,129.101979990195,623.5
이자카야 우규 경성대점,음식점,4.89,304,0,부산 남구 용소로13번길 37,35.1371490524988,129.102520887801,445.7
미츠바,음식점,4.94,209,0,부산 남구 용소로14번길 50 2층,35.1355335929578,129.098501089982,663.5
오오키니,음식점,4.47,453,0,부산 남구 용소로14번길 31 1층 오오키니,35.1353582291157,129.099062745633,609.1
세이고우,음식점,별점 없음,443,0,부산 남구 수영로298번길 41 1층,35.1351420919909,129.100042510882,516.9
미슐당 대연본점,음식점,별점 없음,"5,452",0,부산 남구 용소로13번길 80 1층 미슐당,35.1378843369131,129.104600012749,440.7
쿠우쿠우 부산경성대점,음식점,별점 없음,"6,968",0,부산 남구 수영로 305 3층 쿠우쿠우 골드 부산경성대점,35.1373386097078,129.099270911942,681.3
카츠키친 대연점,음식점,4.92,"1,007",0,부산 남구 용소로7번길 54 102호,35.1377792766643,129.103161962868,473.2
은화수식당 경성대점,음식점,별점 없음,355,0,부산 남구 용소로21번길 39-1,35.1357851303387,129.102968594773,307.6
톤톤,음식점,별점 없음,8,0,부산 남구 용소로19번길 48 1층,35.1366116160961,129.103101532599,366.2
코고미식당,음식점,별점 없음,402,0,부산 남구 수영로334번길 56-6 에덴원룸 1층,35.1361486977396,129.103594243188,298.1
오니쿠,음식점,4.88,171,0,부산 남구 수영로358번길 25 1층 오니쿠,35.138450899439,129.10534643055,495.4
마지,음식점,별점 없음,3,0,부산 남구 용소로14번길 14-1 1층,35.1360402233638,129.099816784125,568.8
충남집,음식점,별점 없음,232,0,부산 남구 수영로358번길 36,35.1378791926289,129.105419796042,431.7
타코비 경성대점,음식점,별점 없음,99,0,부산 남구 수영로 306 농협대연동지점,35.1369167202614,129.099825367555,613.6
오츠 경성대부경대점,음식점,별점 없음,287,0,부산 남구 수영로334번길 56-7 1층,35.1359176462127,129.103448649532,286.6
이천밥쌤 경성대부경대점,음식점,별점 없음,205,0,부산 남구 용소로 13 경운빌딩 1층,35.1362136955536,129.10092383766,487.6
세카이,음식점,별점 없음,1,0,부산 남구 수영로334번길 36 1층,35.1369377628411,129.103084911982,396.4
요이참치대연점,음식점,별점 없음,66,0,부산 남구 수영로266번길 74 요이참치 1층,35.1335989164257,129.098650856278,629.1
돈돈카츠 대연점,음식점,별점 없음,66,0,부산 남구 수영로266번길 115 베네시티,35.1324256737196,129.100420179114,498.3
채선당 샤브보트 부경대점,음식점,별점 없음,200,0,부산 남구 용소로21번길 71,35.1363502355046,129.104110852699,292.5
우연 초신선 한우육회와 최상급 딥스킨연어,음식점,별점 없음,5,17,부산 남구 수영로 294,35.1362411288397,129.098649796796,675.4
이쯔모 창코나베전문점,음식점,별점 없음,2,1,부산 남구 용소로13번길 41-1,35.1373143432963,129.102592496215,456.5
구드미엘,음식점,별점 없음,575,0,부산 남구 수영로325번길 12 대연동푸르지오아파트,35.1387844865167,129.101979990195,623.5
봉이집,음식점,별점 없음,3,0,부산 남구 수영로322번길 49-3 1층,35.1359224801727,129.102651146538,339.6
모야시 철판돈까스 & 대만 마제소바 대연점,음식점,별점 없음,11,0,부산 남구 용소로14번길 9 1(일부)층(대연동),35.1358012914684,129.100245057524,522.5
동욱 참치,음식점,별점 없음,3,0,부산 남구 용소로40번길 30,35.1339088935648,129.099328186098,566.0
카레대왕돈까스킹,음식점,별점 없음,1,0,부산 남구 수영로298번길 21,35.135916098647,129.099584871412,583.0
자연메기탕.추어탕,음식점,별점 없음,1,0,부산 남구 대연동 11-3,35.1383400447619,129.107129978729,503.6
1970 신포할매 쫄면과돈까스 대연점,음식점,별점 없음,0,0,부산 남구 수영로298번길 21,35.135916098647,129.099584871412,583.0
바로덮밥 대연점,음식점,별점 없음,34,0,부산 남구 수영로298번길 36 유이빌딩 2층,35.1352947549431,129.099621019792,558.2
카돈카돈,음식점,별점 없음,1,1,부산 남구 수영로298번길 21,35.135916098647,129.099584871412,583.0
홍홍카츠 본점,음식점,별점 없음,0,0,부산 남구 용소로8번길 21,35.136075778621,129.099371985915,607.6
통통연어,음식점,별점 없음,2,0,부산 남구 수영로298번길 21,35.135916098647,129.099584871412,583.0
니가찾던돈까스,음식점,별점 없음,0,0,부산 남구 용소로46번길 30 (대연동),35.1334389183338,129.09955821785,548.6
우나요시 본점,음식점,별점 없음,135,0,부산 수영구 황령대로489번길 14 1층 106호,35.1386788121437,129.10820590676,573.7
임사부돈카츠하나만파는집 대연점,음식점,별점 없음,0,0,부산 남구 수영로 311 2층,35.1375557576659,129.099901790723,648.4
진깡사마,음식점,4.68,295,0,부산 수영구 황령대로481번길 10-10 진깡사마,35.1389255231703,129.107642907752,579.9
대운 남천동본점,음식점,4.85,"1,267",0,부산 수영구 수영로388번길 45,35.1398227292743,129.108838021519,713.2
땡초우동 대연혁신지구점,음식점,별점 없음,136,0,부산 남구 수영로 345 대연혁신지구상가 1층 115동 103호,35.1398875289479,129.103520204194,680.4
어가 가이텐스시 남천점,음식점,별점 없음,215,0,부산 수영구 수영로384번길 10 1층 (남천동),35.1404224750127,129.106977418101,726.0
오일리 경성대본점,음식점,4.9,"3,181",0,부산 남구 수영로322번길 49-3 1층 오일리 경성대본점,35.1359224801727,129.102651146538,339.6
해쉬,음식점,4.56,"2,338",0,부산 남구 수영로334번길 24 1층 해쉬,35.1373713619158,129.102713318421,455.3
꽉꽉피자 대연점,음식점,별점 없음,10,0,부산 남구 수영로266번길 33 1층,35.1348553232781,129.097161921148,768.9
도로시파스타 연정,음식점,별점 없음,2,0,부산 남구 수영로298번길 21 3층 306호,35.135916098647,129.099584871412,583.0
맘스피자 부산경성대점,음식점,별점 없음,10,0,부산 남구 수영로 313 2층,35.1376518701428,129.100106879847,640.4
르몽드트레비어,음식점,별점 없음,19,0,부산 남구 용소로13번길 36-1 1층,35.1368411586496,129.102571000186,416.4
미친피자 남구점,음식점,별점 없음,62,0,부산 남구 용소로64번길 14 1층,35.1317291963049,129.10040820942,531.5
한국맥도날드경성대점,음식점,별점 없음,"1,140",0,부산 남구 수영로 304,35.1368002282861,129.099522232917,630.6
부버거,음식점,별점 없음,128,0,부산 남구 수영로266번길 36 1층,35.1346897271111,129.09709733892,772.6
퀸즈 필라프 대연점,음식점,별점 없음,1,1,부산 남구 용소로19번길 41,35.136638024797,129.102706740724,391.2
차영호,음식점,별점 없음,5,0,부산 남구 수영로322번길 8 지하1층,35.1373438739308,129.10129054748,537.1
피자파파,음식점,별점 없음,78,0,부산 남구 신선로 566 401동 103호 104호 일부호,35.1326695529587,129.10968594313,404.0
대연동싸다구피자,음식점,4.73,319,0,부산 남구 수영로250번길 82 1층 싸다구피자,35.1338940948806,129.097597003614,723.5
홍루이젠 부산대연점,음식점,별점 없음,364,0,부산 남구 수영로 345 상가 114동 104호 홍루이젠 대연점,35.1398875289479,129.103520204194,680.4
홍루이젠 부산W스퀘어점,음식점,4.47,565,0,부산 남구 분포로 145 W스퀘어 상가 2층 2029호,35.1342294576999,129.111216765972,515.8
김씨화덕 W스퀘어점,음식점,별점 없음,769,0,부산 남구 분포로 145 W스퀘어 C동,35.1342294576999,129.111216765972,515.8
캐스크앤뀌베 용호점,음식점,별점 없음,62,0,부산 남구 분포로 145 더블유 스퀘어동 1층 1069호,35.1342294576999,129.111216765972,515.8
666버거 대연점,음식점,별점 없음,205,0,부산 남구 유엔로 211 정성재아파트 상가 101동 101호,35.1303385683753,129.099413005228,690.8
푸드마스터j & 달빛감자남천점,음식점,별점 없음,138,0,부산 수영구 수영로388번길 37,35.1400648686324,129.10876561047,735.1
재즈프레소,음식점,별점 없음,165,0,부산 수영구 광안해변로 27-3 2층,35.137966891386,129.112881929238,799.4
신전떡볶이 대연점,음식점,별점 없음,"1,286",0,부산 남구 용소로 28,35.1347990938238,129.100651630482,454.4
이삭토스트 부경대점,음식점,별점 없음,816,0,"부산 남구 용소로 28 1층 일부호(대연동, 금산빌딩)",35.1347990938238,129.100651630482,454.4
경성 즉석떡볶이,음식점,별점 없음,1,0,부산 남구 수영로 305 스파크,35.1373386097078,129.099270911942,681.3
폰가게떡볶이,음식점,별점 없음,0,0,부산 남구 수영로 345 115동 104호,35.1398875289479,129.103520204194,680.4
소소떡볶이 부산직영점,음식점,별점 없음,38,0,부산 수영구 황령대로489번길 14 1동 108호,35.1386788121437,129.10820590676,573.7
남천할매집,음식점,3.87,959,0,부산 수영구 황령대로489번길 33-6 1층,35.1395466463472,129.108675775957,679.2
고봉김밥 대남점,음식점,별점 없음,103,0,부산 수영구 수영로384번길 19 남천파크상가 6호,35.1401984081709,129.107492523381,711.6
틈새라면 부경대점,음식점,4.7,361,0,부산 남구 용소로21번길 27 2층,35.1355960306088,129.102352923849,340.8
호마루떡볶이 대연점,음식점,별점 없음,3,0,부산 남구 유엔로215번길 37,35.131886744683,129.09979851641,573.5
애플꼬마김밥 남천점,음식점,별점 없음,409,0,부산 수영구 수영로384번길 14 1층,35.1403158052863,129.107095015304,716.3
완벌집 경성대본점,음식점,4.86,"7,747",0,부산 남구 용소로13번길 36 2층,35.136931791216,129.10248930033,428.9
영진돼지국밥,음식점,별점 없음,"1,973",0,부산 남구 수영로346번길 18 1층,35.1381278481831,129.10377407757,486.8
고덕사,음식점,별점 없음,176,0,부산 수영구 황령대로489번길 14,35.1386788121437,129.10820590676,573.7
풍년곱창,음식점,별점 없음,"2,361",0,부산 남구 용소로28번길 22-1,35.1348542513753,129.099393270779,568.1
황금대패,음식점,별점 없음,149,0,부산 수영구 황령대로 483-3 1층,35.1388165164971,129.107319872091,559.3
마을회관,음식점,별점 없음,331,0,부산 남구 황령대로492번길 32,35.137596350757,129.105858668754,401.0
닭발먹은새우 직영본점,음식점,4.85,893,0,부산 남구 수영로346번길 12 닭발먹은새우 직영본점,35.1382991795062,129.103591224287,510.4
수미식당,음식점,별점 없음,368,0,부산 남구 용소로 56-1 1층수미식당,35.1322352957963,129.100968918322,460.6
정성식당,음식점,별점 없음,592,0,부산 남구 용소로7번길 37 이정란헤어모드,35.1376210880957,129.102172438617,506.6
양돈산업,음식점,별점 없음,802,0,부산 수영구 황령대로481번길 17-3 양돈산업,35.1395351466983,129.107425834698,638.8
다정한족발 남천점,음식점,별점 없음,206,0,부산 수영구 황령대로489번길 24,35.1390919034571,129.108609630875,630.9
홍소족발,음식점,4.36,471,0,부산 남구 용소로13번길 93,35.1383438642526,129.105158494901,484.5
고인돌족발,음식점,4.37,191,0,부산 수영구 황령대로473번길 26 1층,35.1399932250652,129.107274404608,684.7
옥탑방두얼간이 대연점,음식점,별점 없음,250,0,부산 남구 용소로13번길 77 1층 옥탑방 두 얼간이,35.1379684977526,129.104361821459,454.5
비돈이제돈이 대연점,음식점,별점 없음,40,0,부산 남구 수영로298번길 36,35.1352947549431,129.099621019792,558.2
맛있는 보쌈도시락,음식점,별점 없음,0,0,"부산 남구 수영로298번길 21 2층 일부호(대연동, 도네누)",35.135916098647,129.099584871412,583.0
꾸꾸삼겹 대연직영점,음식점,별점 없음,0,0,부산 남구 수영로266번길 37 106호,35.1348146703655,129.097474835258,740.1
홍곳간 남천본점,음식점,별점 없음,"1,445",0,부산 수영구 황령대로489번길 41 1층,35.1397579888435,129.109016157338,713.7
계양깐,음식점,별점 없음,948,0,부산 수영구 황령대로481번길 18-12 1층,35.1392868044173,129.107621726085,617.4
한우공판장 본점,음식점,별점 없음,920,0,부산 수영구 황령대로489번길 22 1층,35.1388975532766,129.10829733701,599.2
콜롬보가든 남천본점,음식점,4.89,"1,385",0,부산 수영구 황령대로489번길 49-1 1층,35.1400660530323,129.109199634979,751.8
이솔산오리,음식점,별점 없음,546,0,부산 남구 신선로 499,35.1288437104139,129.103601101725,600.0
안동한우갈비,음식점,별점 없음,587,0,부산 수영구 수영로388번길 41 2층,35.1399464757042,129.108821467466,725.1
남천 모소리,음식점,별점 없음,"1,440",0,부산 수영구 수영로388번길 25-4 105호,35.1402809343201,129.108420566276,745.7
남천돈,음식점,4.56,132,0,부산 수영구 황령대로489번길 14 대성상가,35.1386788121437,129.10820590676,573.7
꼬목살 남천점,음식점,별점 없음,269,0,부산 수영구 황령대로481번길 48 1층,35.1401761036539,129.108939730567,752.8
정원양곱창,음식점,별점 없음,170,0,부산 수영구 황령대로481번길 18 1층,35.1393514826548,129.107555816031,622.5
잘돼지참숯갈비 남천점,음식점,별점 없음,274,0,부산 수영구 황령대로481번길 53,35.1404091346253,129.108991929639,778.5
남천동 한우야,음식점,4.86,585,0,부산 수영구 황령대로481번길 52 정동상가1 층,35.1402498171137,129.109079532414,765.6
전남친순대 남천점,음식점,별점 없음,18,0,부산 수영구 수영로384번길 19 상가 11호,35.1401984081709,129.107492523381,711.6
이우철 한방누룽지 삼계탕 대연점,음식점,4.76,608,0,부산 남구 유엔로 216 1층 이우철삼계탕 대연점,35.1298729706722,129.099775208808,697.4
장생포고래등,음식점,별점 없음,47,0,부산 수영구 수영로384번길 7 파크 상가-2,35.1403319628361,129.107948064073,737.2
호세야오리바베큐 남구점,음식점,별점 없음,15,0,부산 남구 유엔평화로17번길 87,35.1336546128993,129.096766706066,799.8
남천참숯갈비,음식점,별점 없음,0,0,부산 수영구 수영로 379,35.1408778600366,129.106245019303,767.5
로스구이집,음식점,4.72,658,0,부산 남구 신선로 566 GS하이츠자이 401동 1층 122호,35.1326695529587,129.10968594313,404.0
진상 W스퀘어점,음식점,별점 없음,370,0,부산 남구 분포로 145 W상가 B동 1035호,35.1342294576999,129.111216765972,515.8
청담족발앤국밥,음식점,별점 없음,5,0,부산 남구 분포로 115 B동 102호,35.1321898048688,129.112724828547,682.6
곱창119 경성대부경대점,음식점,4.9,"2,737",0,부산 남구 용소로7번길 64 2층,35.1380172350224,129.103558517245,482.2
만만닭강정 본점,음식점,4.91,"2,422",0,부산 남구 수영로322번길 22 1층,35.1367558140446,129.101652143729,468.8
청도치킨,음식점,별점 없음,504,0,부산 남구 용소로8번길 42 1층,35.1357921010219,129.098227333582,695.3
한솥도시락 부경대점,음식점,별점 없음,467,0,부산 남구 용소로 48,35.1330042309534,129.100918253959,435.6
써브웨이 경성대점,음식점,별점 없음,"1,071",0,부산 남구 수영로 297 대영빌딩 1층,35.1370347718176,129.098655363007,712.2
뉴리틀인디아 앤 네팔,음식점,별점 없음,1,0,부산 남구 수영로322번길 19 2층 뉴리틀인디아 앤 네팔,35.1370639318703,129.101661820919,491.2
국제닭강정&새우강정 경성대부경대점,음식점,별점 없음,5,0,부산 남구 수영로322번길 51,35.1357696100893,129.102642716733,329.8
노랑통닭 대연성당점,음식점,별점 없음,0,0,부산 남구 수영로266번길 67 1층,35.1340216065823,129.098632527718,629.2
맘스터치 경성대점,음식점,별점 없음,694,0,부산 남구 수영로 313,35.1376518701428,129.100106879847,640.4
구구닭촌경성대점,음식점,별점 없음,19,0,부산 남구 수영로346번길 20,35.137996403023,129.103855165446,470.6
떴다파닭 경성대점,음식점,별점 없음,20,0,부산 남구 수영로266번길 117,35.1323542070399,129.10049842045,494.6
처갓집양념치킨 경성부경대점,음식점,별점 없음,1,0,부산 남구 수영로266번길 108 1층 (대연동),35.1325384551452,129.100038045998,527.0
대찬 두 마리 파닭,음식점,별점 없음,2,0,부산 남구 수영로346번길 20,35.137996403023,129.103855165446,470.6
치토피아,음식점,별점 없음,3,0,부산 남구 용소로13번길 41-1 (대연동),35.1373143432963,129.102592496215,456.5
야식한 밤에 치떡,음식점,별점 없음,12,0,부산 남구 용소로7번길 9,35.1370489234087,129.100771098666,551.4
닭장을 나온 암탉,음식점,별점 없음,1,1,부산 남구 용소로7번길 15,35.1371077760704,129.101092829757,532.9
찹쌀로 만든 조시치킨 부산 경성대점,음식점,별점 없음,30,0,부산 남구 용소로7번길 15,35.1371077760704,129.101092829757,532.9
치킨과요리의 만남 대연점,음식점,별점 없음,2,0,부산 남구 용소로19번길 34,35.1362983685549,129.102499665465,377.4
파닭일번지,음식점,별점 없음,224,0,부산 남구 용소로13번길 104,35.1384382162223,129.1057702162,494.1
노마진두마리치킨 대연점,음식점,별점 없음,2,0,부산 남구 수영로266번길 40 1층1호,35.1346387704886,129.097370387016,747.4
놀라버린파닭,음식점,별점 없음,2,0,부산 남구 용소로13번길 104,35.1384382162223,129.1057702162,494.1
쌀통닭 대연혁신점,음식점,별점 없음,332,0,"부산 남구 수영로 345 115동 102호(대연동, 대연힐스테이트푸르지오)",35.1398875289479,129.103520204194,680.4
허브앤솔,음식점,별점 없음,11,0,부산 남구 조각공원로 47,35.1312994588891,129.101134310728,501.4
지코바치킨 남천1호점,음식점,별점 없음,72,0,부산 수영구 황령대로489번길 10 대성상가 2동 105호,35.1385677068133,129.108039802619,556.2
치킨팩토리,음식점,별점 없음,4,0,부산 남구 조각공원로 47,35.1312994588891,129.101134310728,501.4
하도 이자카야,음식점,별점 없음,264,0,부산 수영구 황령대로489번길 21 하도 이자카야,35.1392599503066,129.108020466576,626.6
가마치통닭 부산메트로자이점,음식점,별점 없음,333,0,부산 남구 신선로 566,35.1326695529587,129.10968594313,404.0
꼬꼬네두마리치킨 부경대점,음식점,별점 없음,6,2,부산 남구 유엔로215번길 37,35.131886744683,129.09979851641,573.5
남썬 치킨 W스퀘어점,음식점,별점 없음,4,0,부산 남구 분포로 145 A동 1층 1074호,35.1342294576999,129.111216765972,515.8
노는바다,음식점,4.67,941,0,부산 수영구 황령대로481번길 39 1층,35.1400271022289,129.108351925089,717.1
BBQ치킨 용호메트로점,음식점,별점 없음,88,0,부산 남구 신선로 566 401동 1층 110호,35.1326695529587,129.10968594313,404.0
거누광장 경성대점,음식점,별점 없음,151,0,부산 남구 용소로13번길 12 쌍둥이빌딩 2층,35.1363391681421,129.101384403534,459.7
on the yard,음식점,4.57,"1,538",0,부산 남구 수영로346번길 23-1 on the yard,35.1381112771685,129.104224858425,473.0
몬스터치즈랩 용호점,음식점,별점 없음,182,0,부산 남구 분포로 61 B동 1 층 131호,35.1313190794936,129.111982300344,656.3
케이찹사라다 용호점,음식점,별점 없음,342,0,부산 남구 분포로 61 B동 1층 135호,35.1313190794936,129.111982300344,656.3
타블도트 부산W스퀘어점,음식점,별점 없음,"2,788",0,부산 남구 분포로 145 W스퀘어 2092호,35.1342294576999,129.111216765972,515.8
인쌩맥주 부산경성대점,음식점,별점 없음,461,0,부산 남구 용소로13번길 12 1층 인쌩맥주 부산경성대점,35.1363391681421,129.101384403534,459.7
동네포차주민 경성대점,음식점,별점 없음,118,0,부산 남구 용소로13번길 17 2층,35.1367420529701,129.10146880873,480.5
뎅기피버,음식점,별점 없음,139,0,부산 남구 용소로13번길 31 2층,35.137021718436,129.102282083852,448.8
W 옵스 드마히니,음식점,별점 없음,"1,752",0,부산 남구 분포로 145 스퀘어동 2층 2022호,35.1342294576999,129.111216765972,515.8
빕스 부산W스퀘어점,음식점,별점 없음,1,0,부산 남구 분포로 145 A동 2층 2037호,35.1342294576999,129.111216765972,515.8
KFC 경성대부경대,음식점,별점 없음,"3,932",0,부산 남구 수영로 324 리마크빌대연 주상복합 1층,35.1374998452167,129.101551369343,532.8
맘스터치 부경대점,음식점,별점 없음,374,0,부산 남구 용소로21번길 62,35.1359165810975,129.104002935187,255.6
맘스터치 용호자이점,음식점,4.4,454,0,부산 남구 신선로 566 401동 149호,35.1326695529587,129.10968594313,404.0
알천순대곱창전골전문점,음식점,별점 없음,"3,887",0,부산 남구 용소로7번길 88,35.1385404263666,129.104711360433,510.8
전남친순대 용호점,음식점,별점 없음,8,0,부산 남구 분포로 61 1층 116호,35.1313190794936,129.111982300344,656.3
온기한잔,음식점,4.95,158,0,부산 남구 용소로8번길 50 1층 온기한잔,35.1355965128685,129.097792400948,727.6
동백,음식점,4.89,957,0,"부산 남구 용소로19번길 19 1층 102호, 103호",35.1361587024749,129.101673212292,426.7
올바로갈비 경성대부경대점,음식점,4.86,"1,056",0,부산 남구 용소로13번길 42 1층,35.1370617051263,129.102781924349,423.6
문화골목 노가다,음식점,별점 없음,173,0,부산 남구 용소로13번길 38-1 문화골목 2층,35.1369093040717,129.102720520478,413.6
천탁 본점,음식점,별점 없음,540,0,부산 남구 용소로8번길 46 천탁,35.1357241443733,129.098108210643,703.6
구도로통닭 부산경성대점,음식점,별점 없음,576,0,부산 남구 수영로322번길 18 1층,35.1369517104289,129.101533547082,491.3
집밥,음식점,별점 없음,375,0,부산 남구 황령대로492번길 32,35.137596350757,129.105858668754,401.0
